sku_code,product_name,category,abc_quantity,xyz,abc_xyz,Jun-25,Jul-25,Aug-25,Sep-25,Oct-25,Nov-25,Dec-25,Total,Mean/Mo,Std Dev,CV,quantity,quantity_share,order_frequency,frequency_share,cbm_total
4200009163,Quạt lửng ASIAVINA - VY628890 - Đen,Fan,A,X,AX,23963.0,5370.0,5698.0,7245.0,7519.0,4301.0,2.0,54098.0,7728.285714285715,7582.531057509442,0.9811401050420735,54098.0,0.2039796483412095,263,0.013009497427779976,3651.6150000000002
4200009000,Quạt đứng ASIAVINA Turbo X - VY629890 - Đen,Fan,A,X,AX,4039.0,2436.0,6061.0,457.0,360.0,177.0,0.0,13530.0,1932.857142857143,2352.359059084549,1.2170372072129965,13530.0,0.051015650154470855,150,0.00741986545310645,632.5275000000001
4200008102,Quạt lửng ASIAvina - VY538790 - Xám,Fan,A,X,AX,5137.0,6520.0,627.0,201.0,45.0,40.0,106.0,12676.0,1810.857142857143,2780.681417001441,1.5355608961036673,12676.0,0.047795593596309874,513,0.02537593984962406,643.7379840000001
4200000163,Quạt trần đảo ASIAvina - X16001-XV0 - Xám,Fan,A,X,AX,2401.0,1978.0,3868.0,758.0,1134.0,578.0,0.0,10717.0,1531.0,1318.1796792041162,0.8609926056199322,10717.0,0.0404090704142989,161,0.00796398891966759,589.606472
4200008999,Quạt đứng ASIAVINA Turbo X - VY629790 - Xám,Fan,A,X,AX,2164.0,2935.0,2314.0,893.0,679.0,352.0,1.6666666666666665,9338.666666666666,1334.095238095238,1123.64311116557,0.8422510470615708,9338.666666666666,0.0352119845954091,170,0.008409180846853976,436.73850000000004
4200007858,Quạt sàn ASIAvina - VY636790 - Xám,Fan,A,X,AX,2007.0,1704.0,929.0,740.0,1080.0,985.0,24.0,7469.0,1067.0,646.7977530367073,0.6061834611403067,7469.0,0.02816229793080139,210,0.01038781163434903,766.3194
4200008101,Quạt lửng ASIAvina - VY538990 - Đen,Fan,A,X,AX,744.0,1193.0,1448.0,2309.0,549.0,601.0,1.0,6845.0,977.8571428571429,749.9045336066515,0.7668855712558891,6845.0,0.025809469719686104,130,0.006430550059358923,325.57558
4200008229,Quạt treo ASIAvina - VY377990 - Xám,Fan,A,X,AX,454.0,1189.0,863.0,712.0,1090.0,1145.0,155.0,5608.0,801.1428571428571,387.70496883215577,0.48393986837109315,5608.0,0.0211452894357925,825,0.04080925999208548,232.19923999999997
4200009001,Quạt treo ASIAVINA Turbo X - VY627790 - Xám,Fan,A,X,AX,1140.0,1112.0,1808.0,422.0,478.0,380.0,0.0,5340.0,762.8571428571429,616.7547942176666,0.8084800673265292,5340.0,0.020134779883582733,147,0.007271468144044321,200.25000000000003
4200009382,Quạt sàn ASIAVINA TURBO MAX - VY646990 - Xám,Fan,A,X,AX,2641.0,418.0,1179.0,315.0,532.0,166.0,2.0,5253.0,750.4285714285714,913.551103686936,1.2173724968224924,5253.0,0.01980674133491762,127,0.006282152750296794,499.035
4200007859,Quạt đứng ASIAvina - VY639990 - Xám,Fan,A,X,AX,1878.0,1823.0,276.0,467.0,432.0,333.0,26.0,5235.0,747.8571428571429,766.771897540033,1.0252919355836163,5235.0,0.01973887129036622,126,0.006232686980609419,353.3625
4200000164,Quạt trần đảo ASIAvina - X16002-XV0 - Xám,Fan,A,Y,AY,301.0,732.0,1078.0,197.0,1449.0,922.0,0.0,4679.0,668.4285714285714,524.3131561522042,0.7843966858442892,4679.0,0.017642441025334007,89,0.004402453502176494,256.666545
4200008737,Quạt treo ASIAVINA VY357792 - 55W Xám,Fan,A,Y,AY,1978.0,962.0,272.0,292.0,696.0,284.0,0.0,4484.0,640.5714285714286,669.5677354689012,1.0452663131762507,4484.0,0.01690718220936048,77,0.003808864265927978,137.03888700000002
4200008113,Quạt đứng ASIAvina - VY539790 - Xám,Fan,A,X,AX,1961.0,872.0,100.0,720.0,539.0,186.0,0.0,4378.0,625.4285714285714,673.4606786697244,1.0767987096135383,4378.0,0.016507503058113333,102,0.005045508508112386,246.72569239999999
4200008117,Quạt treo ASIAvina - VY357690 - trắng,Fan,A,X,AX,443.0,1062.0,836.0,540.0,502.0,604.0,46.0,4033.0,576.1428571428571,318.8366502204687,0.5533985994404367,4033.0,0.015206660537544787,666,0.032944202611792636,166.98636499999998
4200008122,Quạt treo ASIAvina - VY377790 - Xám,Fan,A,Y,AY,770.0,779.0,87.0,504.0,566.0,1230.0,0.0,3936.0,562.2857142857143,424.54395700394963,0.7550324438586502,3936.0,0.01484091640857334,88,0.004352987732489117,162.97008
4200008372,QUẠT SÀN TURBO VY616990,Fan,A,X,AX,1031.0,502.0,75.0,678.0,865.0,554.0,0.0,3705.0,529.2857142857143,381.7528494919692,0.7212604443842872,3705.0,0.013969917503497008,116,0.005738029283735655,387.48927750000007
4200008371,QUẠT ĐỨNG VY619990,Fan,A,X,AX,388.0,1086.0,749.0,265.0,385.0,433.0,45.0,3351.0,478.7142857142857,340.27768772269616,0.7108158203697025,3351.0,0.012635139960652759,681,0.03368618915710329,226.19250000000002
4200009002,QUẠT treo ASIAVINA TURBO VY627890,Fan,A,X,AX,550.0,500.0,1165.0,308.0,258.0,176.0,0.0,2957.0,422.42857142857144,377.0516574435821,0.89258085969059,2957.0,0.011149540096583171,111,0.005490700435298773,110.88750000000002
4200009023,Quạt treo ASIAVINA - VY377092 - 55W Xám,Fan,A,Y,AY,471.0,710.0,1171.0,220.0,270.0,97.0,0.0,2939.0,419.85714285714283,407.0075464375849,0.9693953130531114,2939.0,0.01108167005203177,92,0.004550850811238623,121.68929500000002
4200008366,QUẠT SÀN TURB0 VY616790,Fan,A,X,AX,454.0,1034.0,673.0,153.0,206.0,300.0,18.0,2838.0,405.42857142857144,349.70552237697416,0.8625576661870398,2838.0,0.01070084369093779,680,0.033636723387415905,296.57099999999997
4200009226,Quạt lửng ASIAvina - VY358291 - Chuối non,Fan,A,Y,AY,400.0,0.0,29.0,190.0,310.0,1760.0,0.0,2689.0,384.14285714285717,626.8546957021297,1.6318270248846811,2689.0,0.010139030544373403,27,0.001335575781559161,171.38812075
4200008736,Quạt treo ASIAVINA VY357192 - 55W Xanh Thiên Thanh,Fan,A,Y,AY,718.0,1132.0,192.0,132.0,364.0,4.0,0.0,2542.0,363.14285714285717,420.44398301931125,1.157792242775444,2542.0,0.009584758513870282,57,0.002819548872180451,77.68796850000001
1830009179,Bàn ủi khô tích hợp bình xịt nước Tefal FS3120L0,SDA,A,Z,AZ,0.0,0.0,0.0,0.0,3.0,0.0,2525.0,2528.0,361.14285714285717,954.1719671302143,2.642090098857397,2528.0,0.009531970701441413,27,0.001335575781559161,82.8338745
4200009625,Quạt treo ASIAVINA - VY617090 - Đen,Fan,A,X,AX,185.0,396.0,49.0,379.0,573.0,916.0,5.0,2503.0,357.57142857142856,318.7192375445078,0.8913442520221952,2503.0,0.009437706750675576,99,0.004897111199050257,103.63671500000001
4200008695,Quạt treo BCN ASIAVINA VY557990 - 55W Đen,Fan,B,Y,BY,115.0,495.0,435.0,765.0,320.0,75.0,0.0,2205.0,315.0,272.68724453727816,0.8656737921818354,2205.0,0.008314080457546802,36,0.001780767708745548,68.6537775
7211004545,"Nồi cơm điện Tefal Fuzzy Express RK522168 - 750W, 1.5L",SDA,B,X,BX,176.0,586.0,648.0,149.0,293.0,255.0,5.5,2112.5,301.7857142857143,234.47065508339867,0.7769441825248713,2112.5,0.007965303839713207,555,0.027453502176493866,81.39474
4200008262,Quạt sàn TEFAL TB Silence Plus VH686790 - Xám Cánh Trắng,Fan,B,X,BX,582.0,391.0,745.0,44.0,149.0,92.0,47.0,2050.0,292.85714285714283,283.16157258794175,0.9668931746905329,2050.0,0.007729643962798615,403,0.019934705184012663,186.3368
4200009004,Quạt đứng BCN ASIAVINA - VY589790 - Xám,Fan,B,Y,BY,270.0,726.0,470.0,0.0,406.0,174.0,0.0,2046.0,292.2857142857143,263.93541778606516,0.9030048506854624,2046.0,0.00771456173067608,70,0.0034626038781163434,99.1287
4200008260,Quạt đứng TEFAL TB Silence Plus VH689690 - Trắng Cánh Trắng,Fan,B,X,BX,142.0,617.0,252.0,318.0,474.0,218.0,18.0,2039.0,291.2857142857143,201.69012063535675,0.692413361671161,2039.0,0.007688167824461646,109,0.005391768895924021,149.413842
4200009620,Quạt sàn ASIAVINA TURBO PLUS - VY636792 - Xám,Fan,B,Y,BY,678.0,96.0,968.0,122.0,81.0,90.0,0.0,2035.0,290.7142857142857,375.02564991642646,1.2900145205970444,2035.0,0.007673085592339112,68,0.0033636723387415906,208.79100000000003
4200009005,Quạt đứng BCN ASIAVINA - VY589890 - Đen,Fan,B,Y,BY,244.0,453.0,706.0,290.0,159.0,84.0,0.5,1936.5,276.64285714285717,239.40877077460954,0.8654073820925725,1936.5,0.0073016856263217154,75,0.003709932726553225,93.84765
4200000156,Quạt treo ASIAvina - L20002-DV0 - Đen,Fan,B,Y,BY,324.0,325.0,501.0,200.0,442.0,60.0,1.0,1853.0,264.7142857142857,187.1057760427813,0.706821604047204,1853.0,0.006986844030763821,73,0.0036110011871784723,73.9746
7211005095,Nồi cơm điện tử Tefal Rice Mate Mini 0.7L RK515168,SDA,B,X,BX,126.0,448.0,372.0,0.0,266.0,335.0,301.0,1848.0,264.0,153.11977882255013,0.5799991622066293,1848.0,0.0069679912406106536,608,0.03007518796992481,57.308832
4200009007,Quạt treo BCN ASIAVINA - VY587890 - Đen,Fan,B,Y,BY,310.0,200.0,655.0,211.0,191.0,251.0,0.2,1818.2,259.74285714285713,198.68885941879796,0.764944459317779,1818.2,0.006855628611297776,56,0.002770083102493075,55.02475
4200009010,Quạt lửng BCN ASIAVINA - VY558890 - Đen,Fan,B,Y,BY,402.0,320.0,336.0,332.0,96.0,280.0,0.0,1766.0,252.28571428571428,146.74435172061908,0.5816593782810496,1766.0,0.0066588054820987085,50,0.002473288484368817,60.79455000000001
4200009655,Quạt đứng ASIAVINA TURBO DECOR - VY659991 - Xám,Fan,B,Y,BY,1185.0,137.0,362.0,14.0,10.0,23.0,0.0,1731.0,247.28571428571428,433.36117126699844,1.7524715186995894,1731.0,0.006526835951026537,80,0.003957261574990107,116.84250000000002
4200009008,Quạt sàn BCN ASIAVINA - VY586790 - Xám,Fan,B,Y,BY,281.0,332.0,555.0,0.0,330.0,193.0,3.0,1694.0,242.0,197.2392793875838,0.8150383445767926,1694.0,0.006387325303893099,71,0.00351206964780372,180.56346000000002
4200009453,Quạt đứng TEFAL Turbo Silence Extreme VH699690 - Trắng,Fan,B,X,BX,731.0,306.0,82.0,147.0,201.0,115.0,36.0,1618.0,231.14285714285714,237.08748636416092,1.0257184206113266,1618.0,0.006100762893564955,137,0.006776810447170558,118.56380400000002
4200009617,Quạt đứng ASIAVINA TURBO PLUS - VY639792 - Xám,Fan,B,Y,BY,598.0,131.0,481.0,36.0,259.0,41.0,1.0,1547.0,221.0,236.04307516496505,1.0680682134161315,1547.0,0.0058330532733899786,80,0.003957261574990107,80.43827916666667
4200008107,Quạt lửng ASIAvina - VY358990 - xám,Fan,B,X,BX,183.0,447.0,1.0,211.0,241.0,403.0,44.0,1530.0,218.57142857142858,166.24866630327912,0.7606148131522574,1530.0,0.00576895378686921,106,0.005243371586861892,77.69952
2100122707,Chảo chiên sâu lồng Tefal So Chef 28cm,CW,B,X,BX,165.0,340.0,271.0,7.0,256.0,324.0,146.0,1509.0,215.57142857142858,117.50582559013425,0.5450899795433662,1509.0,0.005689772068225907,486,0.0240403640680649,17.669025
4200000157,Quạt treo CN ASIAvina - L24001-DV0 - Đen,Fan,B,X,BX,315.0,272.0,515.0,103.0,207.0,89.0,0.0,1501.0,214.42857142857142,172.21871476203077,0.8031519009555066,1501.0,0.005659607603980839,123,0.00608428967154729,139.3520895
4200009380,Quạt đứng ASIAVINA TURBO MAX - VY649790 - Xám,Fan,B,X,BX,83.0,413.0,384.0,301.0,42.0,0.0,199.0,1422.0,203.14285714285714,167.3374122060262,0.8237425354727028,1422.0,0.005361733519560795,129,0.006381084289671548,95.985
2100122708,Chảo chiên Tefal So Chef 21cm,CW,B,X,BX,177.0,305.0,254.0,98.0,215.0,278.0,93.0,1420.0,202.85714285714286,84.23662816025772,0.4152509838885944,1420.0,0.005354192403499528,437,0.021616541353383457,9.95515625
7211004640,Máy xay nấu đa năng  Tefal Perfectmix Cook BL83SD66 - 1.75L,SDA,B,X,BX,62.0,311.0,357.0,6.0,211.0,181.0,236.0,1364.0,194.85714285714286,125.99130733431383,0.6465829555280035,1364.0,0.005143041153784053,535,0.02646418678274634,59.550876
4200009621,,,B,Y,BY,356.0,81.0,769.0,24.0,80.0,48.0,0.0,1358.0,194.0,280.0255940683518,1.4434308972595453,1358.0,0.005120417805600253,48,0.002374356944994064,139.3308
4200009006,"Nồi Inox cao cấp cán dài Tefal Duetto Plus, 16cm",Fan,B,Y,BY,326.0,255.0,525.0,80.0,110.0,55.0,1.0,1352.0,193.14285714285714,185.88655014230997,0.9624303631628475,1352.0,0.005097794457416452,64,0.0031658092599920855,41.019
2100122710,Chảo chiên Tefal So Chef 28cm,CW,B,X,BX,101.0,289.0,89.0,0.0,242.0,271.0,314.1666666666667,1306.1666666666667,186.5952380952381,121.53477848316663,0.6513284032529026,1306.1666666666667,0.004924977214345752,351,0.017362485160269094,26.630950500000004
4200009019,Quạt lửng ASIAVINA TURBO PLUS - VY638891 - Đen,Fan,B,Y,BY,0.0,36.0,543.0,81.0,528.0,72.0,0.0,1260.0,180.0,244.9061044563814,1.360589469202119,1260.0,0.004750903118598173,75,0.003709932726553225,64.7955
7211419352,Bình đun siêu tốc Tefal KI605830 - thủy tinh - 1.7L,SDA,B,X,BX,145.0,374.0,252.0,34.0,146.0,252.0,44.75,1247.75,178.25,122.45551913518095,0.6869874846293461,1247.75,0.004704713782722913,517,0.025573802928373565,22.170735
7211004596,Nồi cơm điện tửTefal Easy Rice Plus RK736B68,SDA,B,X,BX,145.0,323.0,268.0,0.0,167.0,246.0,94.25,1243.25,177.60714285714286,110.79709844490299,0.6238324465025706,1243.25,0.004687746271585062,507,0.025079145231499803,60.278526
7211419468,Bình đun siêu tốc Tefal Colour KO1408E0 - 1.5L - Black,SDA,B,X,BX,119.0,384.0,257.0,55.0,125.0,212.0,80.66666666666667,1232.6666666666667,176.0952380952381,115.97440878083188,0.6585891250398781,1232.6666666666667,0.004647841199094191,458,0.02265532251681836,14.618413333333372
4200009618,Quạt đứng ASIAVINA TURBO PLUS - VY639892 - Đen,Fan,B,Y,BY,253.0,261.0,277.0,294.0,75.0,54.0,0.0,1214.0,173.42857142857142,124.69543849296325,0.7190017046546481,1214.0,0.004577457449189033,66,0.0032647407993668383,63.04200833333334
7211005213,Nồi cơm điện tử Tefal EasyRice Max RK737868 - 1.8L,SDA,B,X,BX,50.0,149.0,118.0,0.0,147.0,142.0,448.75,1054.75,150.67857142857142,143.08874826817228,0.9496290475252013,1054.75,0.003976996082810653,304,0.015037593984962405,90.32562
4200008734,Quạt lửng ASIAVINA VY358792 - 55W Xám,Fan,B,Y,BY,458.0,496.0,0.0,32.0,52.0,0.0,0.0,1038.0,148.28571428571428,225.6795030463292,1.52192343094827,1038.0,0.003913839235797543,38,0.0018796992481203006,35.979675
4200009022,Quạt Treo ASIAVINA VY377192 -XANH THIÊN THANH,Fan,B,Y,BY,225.0,118.0,358.0,110.0,135.0,55.0,0.0,1001.0,143.0,117.55849607748476,0.8220873851572361,1001.0,0.003774328588664104,52,0.0025722200237435692,41.446405000000006
7211004136,Máy xay sinh tố Tefal - BL967B66,SDA,B,Y,BY,0.0,29.0,13.0,0.0,0.0,0.0,933.0,975.0,139.28571428571428,350.16553908388073,2.514008998550939,975.0,0.0036762940798676334,86,0.004254056193114365,44.01540000000001
7211419432,Bình đun siêu tốc Tefal Colour KO140AE0 - 1.5L - Rise,SDA,B,X,BX,69.0,217.0,186.0,24.0,69.0,169.0,110.66666666666667,844.6666666666666,120.66666666666666,71.49358945621162,0.5924883104105936,844.6666666666666,0.0031848646832084047,355,0.0175603482390186,11.17878666666669
1830008176,"Bàn ủi hơi nước đứng Tefal IXEO Plus QT1510E0 - 2980W, 1L",SDA,B,X,BX,49.0,154.0,146.0,0.0,140.0,100.0,249.0,838.0,119.71428571428571,80.32582458486246,0.6709794416396626,838.0,0.003159727629670848,332,0.016422635536208943,98.30789595
7211419390,Máy xay sinh tố và sữa hạt Tefal BL511868 - 1000W,SDA,B,X,BX,0.0,0.0,0.0,0.0,0.0,802.0,34.0,836.0,119.42857142857143,301.25230684752006,2.522447545373972,836.0,0.003152186513609581,157,0.007766125840918085,44.0154
4200008735,Quạt lửng ASIAVINA VY358192 - 55W Xanh Thiên Thanh,Fan,B,Y,BY,366.0,392.0,10.0,32.0,8.0,0.0,0.0,808.0,115.42857142857143,180.5277976220995,1.5639784447459115,808.0,0.003046610888751844,37,0.0018302334784329245,28.007299999999997
2100118817,Chảo chiên Tefal Primary 20cm,CW,C,X,CX,49.0,127.0,56.0,0.0,44.0,178.0,332.5,786.5,112.35714285714286,113.63197697160862,1.0113462667530329,786.5,0.0029655438910932246,176,0.008705975464978234,12.891536000000002
7211004515,Nồi áp suất điện đa năng Tefal Turbo Cuisine 5L  CY754830,SDA,C,X,CX,31.0,87.0,123.0,0.0,108.0,73.0,341.0,763.0,109.0,110.87981481466018,1.0172460074739467,763.0,0.0028769357773733377,145,0.007172536604669569,40.765564000000005
1830007932,Bàn ủi hơi nước đứng Tefal IXEO - QT1411K0,SDA,C,X,CX,0.0,0.0,0.0,0.0,0.0,732.0,14.0,746.0,106.57142857142857,275.8374262392355,2.5882868413869287,746.0,0.002812836290852569,152,0.007518796992481203,98.63985000000001
7211004924,Nồi cơm điện tử cao tần Tefal RK818A68 - 1.8L,SDA,C,X,CX,90.0,194.0,126.0,0.0,104.0,153.0,72.5,739.5,105.64285714285714,61.87400792855477,0.585690406355488,739.5,0.0027883276636534514,360,0.01780767708745548,36.871296
4200009622,Quạt treo ASIAVINA TURBO PLUS - VY637892 - Đen,Fan,C,Z,CZ,214.0,110.0,180.0,0.0,152.0,80.0,0.0,736.0,105.14285714285714,84.07819489702938,0.799656744944573,736.0,0.002775130710546234,25,0.0012366442421844084,27.600000000000005
4200009021,Quạt treo ASIAVINA TURBO PLUS - VY637891 - Đen,Fan,C,Y,CY,4.0,140.0,347.0,14.0,52.0,126.0,1.0,684.0,97.71428571428571,123.80456949794474,1.267005828195341,684.0,0.002579061692953294,48,0.002374356944994064,25.687500000000004
7211419286,Nồi chiên không dầu Tefal EasyFry Window 6L EY821868,SDA,C,X,CX,38.0,97.0,85.0,36.0,68.0,112.0,222.0,658.0,94.0,63.21128591214283,0.6724604884270513,658.0,0.0024810271841568237,213,0.01053620894341116,41.87512
4200009379,Quạt sàn ASIAVINA TURBO PLUS - VY636092 - Đen,Fan,C,Y,CY,145.0,38.0,433.0,12.0,14.0,10.0,0.0,652.0,93.14285714285714,157.93925896942002,1.695666890775982,652.0,0.0024584038359730226,30,0.00148397309062129,66.8952
4200009009,Quạt sàn BCN ASIAVINA - VY586890 - Đen,Fan,C,Y,CY,97.0,196.0,260.0,5.0,80.0,7.0,0.0,645.0,92.14285714285714,102.03500799795557,1.1073566759468048,645.0,0.0024320099297585884,37,0.0018302334784329245,68.75055
4200000161,Quạt hút ASIAvina - V04001-SV0 - Sữa,Fan,C,Z,CZ,131.0,30.0,270.0,62.0,100.0,50.0,0.0,643.0,91.85714285714286,89.66684368897378,0.9761553745300412,643.0,0.0024244688136973213,24,0.001187178472497032,15.97212
4200000088,Quạt đứng CN ASIAvina - D24001-DV0 - Đen,Fan,C,Y,CY,125.0,111.0,245.0,48.0,47.0,0.0,5.0,581.0,83.0,85.9127464349732,1.0350933305418457,581.0,0.0021906942157980465,62,0.0030668777206173327,70.52178
4200009619,Quạt lửng ASIAVINA TURBO PLUS - VY638892 - Đen,Fan,C,Y,CY,302.0,96.0,72.0,42.0,48.0,0.0,0.0,560.0,80.0,103.98076745244767,1.2997595931555959,560.0,0.0021115124971547434,28,0.0013850415512465374,28.23333333333333
7211004284,Nồi áp suất điện đa năng Tefal Home Chef,CW,C,Y,CY,66.0,12.0,7.0,0.0,1.0,0.0,455.0,541.0,77.28571428571429,168.20792122223247,2.176442603614838,541.0,0.0020398718945727075,92,0.004550850811238623,31.268718
2100118819,Chảo chiên Tefal Primary 26cm,CW,C,X,CX,42.0,113.0,96.0,24.0,110.0,116.0,39.0,540.0,77.14285714285714,40.300655790481336,0.5224159083951284,540.0,0.002036101336542074,185,0.009151167392164622,5.2648695
2100118818,Chảo chiên Tefal Primary 24cm,CW,C,X,CX,65.0,88.0,132.0,24.0,60.0,85.0,73.25,527.25,75.32142857142857,32.777887072726045,0.4351734651665857,527.25,0.001988026721651497,154,0.007617728531855956,5.3615925
2100139431,"Bộ 3 nồi chảo cán rời Tefal Ingenio Serenity L827S404, quánh 20cm/ chiên 22cm/chiên 28cm, xanh dương",CW,C,Z,CZ,0.0,0.0,0.0,0.0,0.0,0.0,492.0,492.0,70.28571428571429,185.95852072053978,2.6457513110645903,492.0,0.0018551145510716674,12,0.000593589236248516,7.393776000000001
4200008116,Quạt treo ASIAvina  - VY357290 - Chuối non,Fan,C,Z,CZ,10.0,20.0,160.0,12.0,0.0,228.0,0.0,430.0,61.42857142857143,92.92803154925346,1.5127819089413355,430.0,0.0016213399531723922,7,0.00034626038781163435,13.1415525
8010000653,Máy ép trái cây ZE420D38,SDA,C,X,CX,94.0,81.0,106.0,0.0,17.0,60.0,63.0,421.0,60.142857142857146,39.09573110297582,0.650047785560168,421.0,0.001587404930896691,209,0.010338345864661654,11.238480000000001
4200009381,Quạt sàn ASIAVINA TURBO MAX - VY646790 - Xám,Fan,C,Y,CY,57.0,151.0,44.0,82.0,12.0,0.0,49.0,395.0,56.42857142857143,49.94282445242474,0.8850627118151219,395.0,0.0014893704221002207,74,0.003660466956865849,37.525
4200009018,Quạt đứng ASIAVINA TURBO PLUS - VY639891 - Đen,Fan,C,Z,CZ,0.0,149.0,219.0,21.0,0.0,0.0,0.0,389.0,55.57142857142857,90.35643703846293,1.6259513091754254,389.0,0.00146674707391642,24,0.001187178472497032,20.200445833333337
4200009378,Quạt đứng ASIAVINA TURBO PLUS - VY639092 - Đen,Fan,C,Y,CY,126.0,106.0,65.0,12.0,34.0,12.0,5.0,360.0,51.42857142857143,48.805249522488666,0.9489909629372796,360.0,0.0013574008910280494,29,0.0014345073209339138,19.21379166666667
4200009377,Quạt lửng ASIAVINA TURBO X - VY628990 - Đen,Fan,C,Y,CY,37.0,230.0,17.0,49.0,0.0,0.0,10.0,343.0,49.0,81.90645070241212,1.6715602184165739,343.0,0.0012933014045072803,68,0.0033636723387415906,18.5297175
4200009627,Quạt sàn ASIAVINA - VY616090 - Đen,Fan,C,Y,CY,179.0,80.0,6.0,0.0,0.0,29.0,39.0,333.0,47.57142857142857,64.54677152488507,1.3568390410636502,333.0,0.0012555958242009457,34,0.0016818361693707953,30.268368000000002
7211004200,"Nồi cơm điện cơ mini Tefal RK224168 - 0.7L, 300W",SDA,C,X,CX,87.0,23.0,20.0,0.0,10.0,0.0,171.5,311.5,44.5,63.4409173956367,1.4256385931603754,311.5,0.001174528826542326,106,0.005243371586861892,22.27722
1830009015,Bàn ủi hơi nước đứng Tefal IT3470E1,SDA,C,X,CX,26.0,78.0,45.0,26.0,56.0,46.0,28.0,305.0,43.57142857142857,19.182084895870442,0.4402445713806331,305.0,0.0011500201993432085,197,0.009744756628413138,22.59684
2100136883,"Chảo chiên chống dính Tefal Flavor Force E2770674, 28cm",CW,C,Z,CZ,0.0,0.0,0.0,0.0,0.0,0.0,291.5,291.5,41.642857142857146,110.17664388218974,2.6457513110645903,291.5,0.0010991176659296566,23,0.0011377127028096557,12.316749500000002
7211005120,Bàn ủi đứng kết hợp móc treo 2 trong 1 Tefal IT3280E1,SDA,C,Y,CY,0.0,0.0,0.0,0.0,0.0,0.0,280.0,280.0,40.0,105.83005244258362,2.6457513110645907,280.0,0.0010557562485773717,33,0.0016323703996834191,18.73872
7211419108,Nồi chiên không dầu điện tử Tefal Easy Max 5L EY245310,SDA,C,Y,CY,0.0,67.0,0.0,0.0,0.0,1.0,207.0,275.0,39.285714285714285,78.03357030943859,1.9863090624220732,275.0,0.0010369034584242045,82,0.004056193114364859,15.0898
4200009024,Quạt Treo ASIAVINAVY377292 - XANH CHUỐI NON,Fan,C,Z,CZ,15.0,55.0,105.0,55.0,37.0,0.0,0.0,267.0,38.142857142857146,37.6050908407739,0.9859012579978175,267.0,0.0010067389941791367,20,0.0009893153937475267,11.055135
1830009281,Bàn ủi hơi nước Tefal Virtuo 30  - FV2C50E1  Xanh,SDA,C,X,CX,0.0,0.0,0.0,0.0,0.0,0.0,252.83333333333334,252.83333333333334,36.11904761904762,95.56201759249961,2.6457513110645903,252.83333333333334,0.0009533227554118292,109,0.005391768895924021,13.220149333333334
7212000233,"Nồi cơm điện tử thông minh Niêu 
1.8L CFXB50FC33VN-75",SDA,C,X,CX,1.0,2.0,0.0,0.0,0.0,0.0,242.5,245.5,35.07142857142857,91.47059116250998,2.6081227622711602,245.5,0.000925671996520517,108,0.005342303126236644,40.04594708625
7211004184,"Nồi cơm điện tử Tefal RK732168 - 1.8L, 750W",SDA,C,Z,CZ,0.0,0.0,0.0,0.0,0.0,0.0,241.75,241.75,34.535714285714285,91.37291134998068,2.6457513110645907,241.75,0.0009115324039056415,22,0.0010882469331222793,38.197467
1830007520,"Bàn ủi hơi nước đứng Tefal IXEO Power QT2020EO - 2170W, 1.1L",SDA,C,Z,CZ,0.0,0.0,0.0,0.0,0.0,0.0,229.0,229.0,32.714285714285715,86.55386431911303,2.6457513110645903,229.0,0.0008634577890150647,18,0.000890383854372774,24.860240000000005
7211005232,Nồi cơm cao tần Tefal Rice Master Max RK819868 -1.8L,SDA,C,Y,CY,1.0,4.0,3.0,0.0,0.0,0.0,204.0,212.0,30.285714285714285,76.61747904517674,2.5298224213030056,212.0,0.0007993583024942957,67,0.0033142065690542144,19.914752
2100136221,"Bộ 5 nồi Inox cao cấp Tefal Duetto Plus, quánh 16cm/nồi 18cm/nồi 20/nồi 22cm/nồi 24cm",CW,C,Z,CZ,0.0,0.0,0.0,0.0,0.0,0.0,209.0,209.0,29.857142857142858,78.99457485892849,2.6457513110645903,209.0,0.0007880466284023953,14,0.0006925207756232687,11.200728000000002
2100140775,"Chảo Inox cao cấp Professional Tefal B9210295, 20cm",CW,C,Y,CY,0.0,0.0,0.0,0.0,0.0,0.0,201.33333333333334,201.33333333333334,28.761904761904763,76.09684723252441,2.6457513110645903,201.33333333333334,0.0007591390168342054,49,0.0024238227146814403,4.7510639999999995
2100120061,Chảo chiên sâu lồng Tefal Day By Day 24cm,CW,C,Y,CY,18.0,26.0,26.0,20.0,26.0,26.0,58.0,200.0,28.571428571428573,13.40220308826305,0.4690771080892067,200.0,0.0007541116061266941,41,0.0020280965571824296,2.935008
2100121732,Dao gọt trái cây Tefal Comfort  K2213504 - 9cm,CW,C,Z,CZ,0.0,175.0,10.0,0.0,0.0,1.0,11.520833333333334,197.52083333333334,28.217261904761905,64.91691165749359,2.3006098847081367,197.52083333333334,0.0007447637643424153,20,0.0009893153937475267,0.6692568750000001
2100112291,Chảo chiên Tefal Unlimited 26cm,CW,C,Y,CY,25.0,52.0,39.0,12.0,16.0,20.0,28.666666666666668,192.66666666666666,27.523809523809522,13.957418235817247,0.5071034307130834,192.66666666666666,0.000726460847235382,82,0.004056193114364859,3.2659200000000004
7211419765,Nồi chiên không dầu Tefal Window white  EY8211Y0 - 6L - Điện tử,SDA,C,Z,CZ,0.0,0.0,0.0,0.0,0.0,0.0,177.0,177.0,25.285714285714285,66.89971172263321,2.6457513110645903,177.0,0.0006673887714221243,3,0.000148397309062129,12.1068
7211003822,"Bình đun siêu tốc Tefal Smart & Light KO850810 - 1800W, 1.7L",SDA,C,Y,CY,5.0,26.0,30.0,18.0,0.0,25.0,72.33333333333334,176.33333333333334,25.190476190476193,23.594457245260227,0.9366419700386857,176.33333333333334,0.0006648750660683687,74,0.003660466956865849,4.159518
2100129888,"Chảo Inox cao cấp Professional Tefal B9210455, 24cm",CW,C,Z,CZ,0.0,0.0,4.0,0.0,0.0,1.0,158.5,163.5,23.357142857142858,59.61034186399921,2.55212472812229,163.5,0.0006164862380085725,23,0.0011377127028096557,3.8819250000000003
2100120952,Nồi cán dài/ quánh Tefal Primary 16cm,CW,C,Y,CY,0.0,0.0,0.0,0.0,0.0,0.0,163.25,163.25,23.321428571428573,61.70270021875634,2.6457513110645903,163.25,0.0006155435985009141,57,0.002819548872180451,4.83236325
2100112229,Chảo chiên Tefal Cook Healthy 28cm,CW,C,Y,CY,0.0,1.0,2.0,1.0,0.0,0.0,158.33333333333331,162.33333333333331,23.190476190476186,59.59705969097404,2.5698937443746512,162.33333333333331,0.0006120872536395,44,0.0021764938662445586,8.741502
2100120064,Chảo chiên Tefal Day By Day 28cm,CW,C,Y,CY,98.0,0.0,0.0,0.0,0.0,0.0,61.333333333333336,159.33333333333334,22.761904761904763,40.28864111849149,1.7700030616910487,159.33333333333334,0.0006007755795475997,57,0.002819548872180451,2.1446099999999997
7211004327,Máy húi bụi không dây X-pert 6.60 TY6878WO - Đỏ xám,SDA,C,Y,CY,19.0,50.0,62.0,3.0,18.0,3.0,0.5,155.5,22.214285714285715,24.470828113724075,1.1015806867914375,155.5,0.0005863217737635047,72,0.003561535417491096,7.157279999999999
7211003299,Nồi lẩu điện HFK26EVN-130,SDA,C,Y,CY,22.0,63.0,42.0,2.0,4.0,7.0,12.0,152.0,21.714285714285715,22.837938360794052,1.0517471613523577,152.0,0.0005731248206562876,97,0.004798179659675505,5.346044704
2100136216,"Nồi Inox cao cấp Tefal Duetto Plus, 28cm - G7196456",CW,C,Y,CY,0.0,13.0,0.0,0.0,0.0,0.0,132.5,145.5,20.785714285714285,49.49903798968988,2.3813970166861114,145.5,0.0005486161934571699,58,0.0028690146418678276,8.362153125
7211004920,Nồi áp suất điện đa năng Tefal Speedy Cook 5L CY222D68,SDA,C,Y,CY,0.0,0.0,0.0,0.0,0.0,0.0,145.0,145.0,20.714285714285715,54.80484858633794,2.6457513110645903,145.0,0.0005467309144418532,37,0.0018302334784329245,5.493760000000001
2100112289,Chảo chiên Tefal Unlimited 22cm,CW,C,Y,CY,0.0,6.0,30.0,0.0,10.0,24.0,70.83333333333333,140.83333333333331,20.119047619047617,25.152629323885044,1.2501898598854106,140.83333333333334,0.0005310202559808805,43,0.0021270280965571824,3.60855
2100118828,Bộ nồi Tefal Primary 16/20/24cm,CW,C,Z,CZ,4.0,0.0,0.0,0.0,0.0,0.0,136.0,140.0,20.0,51.1729094997213,2.558645474986065,140.0,0.0005278781242886859,6,0.000296794618124258,6.5527000000000015
4200009654,Quạt đứng ASIAVINA TURBO DECOR - VY659691 - Trắng,Fan,C,Y,CY,27.0,20.0,41.0,42.0,0.0,0.0,8.0,138.0,19.714285714285715,17.876560870912183,0.9067820731622122,138.0,0.0005203370082274189,47,0.002324891175306688,9.315000000000001
7212000261,Nồi cơm điện /CFXB40FC33VN-75/Việt Nam,SDA,C,Z,CZ,0.0,0.0,0.0,0.0,0.0,0.0,137.75,137.75,19.678571428571427,52.06460615702105,2.645751311064591,137.75,0.0005193943687197605,11,0.0005441234665611396,20.695703397750005
2100118827,Bộ nồi Tefal Primary 16/18/20cm,CW,C,Z,CZ,0.0,0.0,0.0,1.0,0.0,0.0,136.0,137.0,19.571428571428573,51.34152686619654,2.6232896938932537,137.0,0.0005165664501967854,7,0.00034626038781163435,4.841991
7115900972,"Chảo sâu lòng Supor Star H23110-SJ24 đáy từ, 24cm, vàng",CW,C,Z,CZ,0.0,0.0,0.0,0.0,0.0,0.0,134.83333333333334,134.83333333333334,19.261904761904763,50.96220977741081,2.6457513110645907,134.83333333333334,0.0005083969077970796,11,0.0005441234665611396,6.029746666666667
2100139604,Bộ 5 nồi chảo 2 cán rời Tefal - L827SB04,CW,C,Z,CZ,0.0,0.0,0.0,0.0,0.0,0.0,133.0,133.0,19.0,50.269274910227224,2.6457513110645907,133.0,0.0005014842180742515,6,0.000296794618124258,1.2876395
7211004524,"Nồi cơm điện Tefal Easy Rice Compact RK730168 - 600W, 1L",SDA,C,Y,CY,0.0,28.0,0.0,0.0,0.0,0.0,102.0,130.0,18.571428571428573,38.23984459024009,2.0590685548590817,130.0,0.0004901725439823511,56,0.002770083102493075,14.92101
2100124960,Chảo đúc cao cấp Tefal Robusto có miệng rót 24cm,CW,C,Y,CY,6.0,0.0,28.0,7.0,10.0,12.0,55.833333333333336,118.83333333333334,16.976190476190478,19.20513737486149,1.1312984147884748,118.83333333333333,0.00044806797930694404,37,0.0018302334784329245,3.047088
2100112288,Chảo chiên sâu lồng Tefal Unlimited 28cm,CW,C,Y,CY,20.0,37.0,6.0,22.0,0.0,23.0,10.333333333333332,118.33333333333333,16.904761904761905,12.412231550510652,0.7342446832696442,118.33333333333333,0.0004461827002916273,49,0.0024238227146814403,1.6524
2100136220,Bộ 3 nồi Inox cao cấp Tefal Duetto Plus  G179S655,CW,C,Y,CY,0.0,0.0,0.0,0.0,1.0,0.0,117.0,118.0,16.857142857142858,44.16042184063527,2.6196860413936176,118.0,0.00044492584761474953,37,0.0018302334784329245,4.43916
1830009219,"Bàn ủi 2-trong-1 Duo Power kết hợp ủi hơi và cầm tay, JF4032E0",SDA,C,Y,CY,0.0,0.0,0.0,0.0,0.0,0.0,116.0,116.0,16.571428571428573,43.84387886907036,2.6457513110645903,116.0,0.0004373847315534826,62,0.0030668777206173327,11.9016
7211004888,Nồi cơm điện tử Delirice Plus 1.8L RK776B68- Xám,SDA,C,Z,CZ,0.0,0.0,0.0,0.0,1.0,0.0,112.5,113.5,16.214285714285715,42.45964470613748,2.6186565017001087,113.5,0.0004279583364768989,17,0.0008409180846853977,10.092143
2100125800,"Bộ nồi chảo Inox cao cấp Cook Eat B922S784 (16, 20, 24, 28cm)",CW,C,Z,CZ,0.0,0.0,0.0,0.0,0.0,0.0,110.0,110.0,15.714285714285714,41.576092031014994,2.6457513110645907,110.0,0.00041476138336968174,11,0.0005441234665611396,4.884
7211004534,Máy xay sinh tố Tefal Blendforce Piano + cối xay XL BL47YB66 - Xám,SDA,C,Z,CZ,0.0,4.0,0.0,0.0,0.0,0.0,106.0,110.0,15.714285714285714,39.84015681743855,2.535282706564271,110.0,0.00041476138336968174,24,0.001187178472497032,4.29088
8010001360,Máy xay sinh tố Tefal DuraForce BL705DT0 - 1200W,SDA,C,Z,CZ,0.0,0.0,0.0,0.0,0.0,0.0,109.0,109.0,15.571428571428571,41.19812755800577,2.645751311064591,109.0,0.00041099082533904826,20,0.0009893153937475267,5.33664
1830007629,Bàn ủi hơi nước đứng Tefal -  IT2461E0,SDA,C,Y,CY,0.0,3.0,0.0,0.0,0.0,0.0,105.0,108.0,15.428571428571429,39.5131081324377,2.5610347863617027,108.0,0.0004072202673084148,48,0.002374356944994064,7.223040000000001
2100120953,Nồi Tefal Primary 20cm,CW,C,Z,CZ,0.0,0.0,0.0,3.0,0.0,0.0,105.0,108.0,15.428571428571429,39.5131081324377,2.5610347863617027,108.0,0.0004072202673084148,19,0.0009398496240601503,2.8755
2100136214,"Nồi Inox cao cấp Tefal Duetto Plus, 24cm",CW,C,Z,CZ,0.0,0.0,0.0,1.0,0.0,0.0,106.5,107.5,15.357142857142858,40.191950153517766,2.6171502425546453,107.5,0.00040533498829309805,19,0.0009398496240601503,6.2990900000000005
2100123087,Chảo chiên Tefal Light & Clean 26cm,CW,C,Z,CZ,0.0,0.0,0.0,0.0,0.0,0.0,105.0,105.0,15.0,39.68626966596886,2.6457513110645907,105.0,0.00039590859321651437,2,9.893153937475267e-05,5.181750000000001
2100133030,"Bộ 2 nồi Inox cao cấp Tefal Cook Eat B921S224, quánh 16cm/nồi 20cm",CW,C,Z,CZ,0.0,0.0,0.0,0.0,0.0,0.0,105.0,105.0,15.0,39.68626966596886,2.6457513110645907,105.0,0.00039590859321651437,7,0.00034626038781163435,2.47296
2100131961,Chảo sâu lồng Tefal So Matcha 24cm,CW,C,Y,CY,0.0,0.0,0.0,0.0,0.0,0.0,97.5,97.5,13.928571428571429,36.85153611839965,2.6457513110645903,97.5,0.00036762940798676336,50,0.002473288484368817,3.8001600000000004
2100131964,Chảo chiên Tefal So Matcha 24cm,CW,C,Y,CY,0.0,0.0,0.0,0.0,0.0,0.0,97.16666666666667,97.16666666666667,13.880952380952381,36.72554796072991,2.6457513110645907,97.16666666666667,0.00036637255530988554,45,0.002225959635931935,3.6729
2100122706,Chảo chiên sâu lồng Tefal So Chef 24cm,CW,C,Y,CY,0.0,8.0,0.0,0.0,0.0,0.0,85.66666666666667,93.66666666666667,13.380952380952381,32.01413378345199,2.392515336129864,93.66666666666667,0.00035317560220266843,45,0.002225959635931935,4.410204
2100124435,"Quánh Inox cao cấp có nắp Tefal Cook Eat B9212274, 16cm",CW,C,Z,CZ,0.0,0.0,0.0,0.0,0.0,0.0,90.75,90.75,12.964285714285714,34.30027592558737,2.6457513110645907,90.75,0.00034217814127998744,6,0.000296794618124258,3.889908
4200009017,Quạt đứng ASIAVINA TURBO PLUS - VY639791 - Xám,Fan,C,Z,CZ,0.0,84.0,6.0,0.0,0.0,0.0,0.0,90.0,12.857142857142858,31.45064160144999,2.4461610134461105,90.0,0.00033935022275701236,4,0.00019786307874950534,4.673625
7211005280,Nồi cơm cao tần Tefal Rice Master RK8131Y0 - 1.5L,SDA,C,Y,CY,0.0,0.0,0.0,0.0,0.0,0.0,90.0,90.0,12.857142857142858,34.01680257083045,2.6457513110645903,90.0,0.00033935022275701236,33,0.0016323703996834191,7.0008300000000006
2100136188,"Nồi Inox cao cấp cán dài Tefal Duetto Plus, 16cm",CW,C,Z,CZ,0.0,0.0,0.0,0.0,0.0,0.0,88.75,88.75,12.678571428571429,33.544346979568914,2.6457513110645903,88.75,0.0003346370252187205,16,0.0007914523149980214,1.9830300000000003
2100136213,"Nồi Inox cao cấp Tefal Duetto Plus, 20cm",CW,C,Y,CY,0.0,0.0,0.0,1.0,0.0,0.0,87.5,88.5,12.642857142857142,33.01100105231877,2.611039631256852,88.5,0.00033369438571106215,49,0.0024238227146814403,4.343625
1830008982,Bàn ủi hơi nước cầm tay DT1034E1,SDA,C,X,CX,0.0,0.0,0.0,0.0,0.0,0.0,87.33333333333333,87.33333333333333,12.476190476190476,33.00889730947251,2.6457513110645903,87.33333333333333,0.0003292954013419897,122,0.006034823901859913,3.6077399999999997
1830008321,Bàn ủi hơi nước Tefal Easy Steam FV1955E0 - 1400W,SDA,C,Y,CY,0.0,3.0,0.0,0.0,0.0,0.0,84.16666666666667,87.16666666666667,12.452380952380953,31.64278548130479,2.5411032317682625,87.16666666666667,0.00032866697500355085,55,0.0027206173328056986,3.9671625
2100131962,Chảo sâu lồng Tefal So Matcha 28cm,CW,C,Y,CY,0.0,0.0,0.0,0.0,0.0,2.0,83.25,85.25,12.178571428571429,31.3484164557911,2.5740635212966296,85.25,0.00032144007211150333,53,0.002621685793430946,3.7918650000000005
7115900325,Chảo chống dính Everyway F09A16-16cm,CW,C,Y,CY,0.0,0.0,0.0,0.0,0.0,0.0,84.41666666666666,84.41666666666666,12.059523809523808,31.90650092986226,2.6457513110645907,84.41666666666666,0.00031829794041930877,32,0.0015829046299960427,1.9689343333333333
7211004311,"Máy xay sinh tố Tefal Blendeo+ BL2C0130 - 450W, 1.25L",SDA,C,Z,CZ,0.0,0.0,0.0,0.0,0.0,80.0,1.0,81.0,11.571428571428571,30.176465127961023,2.607842665379348,81.0,0.0003054152004813111,3,0.000148397309062129,1.7238269999999998
2100140776,"Chảo Inox cao cấp Professional Tefal B9210595, 26cm",CW,C,Z,CZ,0.0,0.0,0.0,0.0,0.0,0.0,80.25,80.25,11.464285714285714,30.331648958990485,2.6457513110645907,80.25,0.000302587281958336,16,0.0007914523149980214,2.2149
2100122709,Chảo chiên Tefal So Chef 24cm,CW,C,Z,CZ,13.0,4.0,0.0,0.0,0.0,0.0,63.166666666666664,80.16666666666666,11.45238095238095,23.298528463648267,2.0343829427717823,80.16666666666666,0.00030227306878911653,26,0.0012861100118717846,2.7276480000000003
2100129889,"Chảo Inox cao cấp Professional Tefal B9210655, 28cm",CW,C,Z,CZ,0.0,0.0,0.0,0.0,1.0,0.0,77.5,78.5,11.214285714285714,29.23162833709568,2.606642017320634,78.5,0.0002959888054047274,16,0.0007914523149980214,2.362045
7211003300,Nồi lẩu điện H30FK802VN-136,SDA,C,Y,CY,14.0,34.0,14.0,1.0,0.0,0.0,13.0,76.0,10.857142857142858,12.198750911856665,1.1235691629341664,76.0,0.0002865624103281438,65,0.0032152750296794617,3.3464199168
2100136851,"Chảo chiên chống dính Tefal Flavor Force E2770274, 20cm",CW,C,Z,CZ,0.0,0.0,0.0,0.0,0.0,0.0,74.66666666666667,74.66666666666667,10.666666666666668,28.2213473180223,2.6457513110645903,74.66666666666667,0.0002815349996206325,15,0.000741986545310645,2.0882773333333335
2100136212,"Nồi Inox cao cấp Tefal Duetto Plus, 18cm",CW,C,Y,CY,0.0,0.0,0.0,0.0,0.0,0.0,73.75,73.75,10.535714285714286,27.87487988443051,2.6457513110645907,73.75,0.00027807865475921843,39,0.001929165017807677,3.1718400000000004
4200006855,Quạt lửng ASIAvina - A16018-XV0 - xám,Fan,C,Z,CZ,0.0,0.0,73.0,0.0,0.0,0.0,0.0,73.0,10.428571428571429,27.591406529673588,2.6457513110645907,73.0,0.00027525073623624335,1,4.9465769687376336e-05,2.635884
1830009516,Bàn ủi hơi nước đứng Tefal IXEO Vision QT1811E0,SDA,C,Z,CZ,0.0,0.0,0.0,0.0,0.0,0.0,72.0,72.0,10.285714285714286,27.21344205666436,2.6457513110645903,72.0,0.0002714801782056099,23,0.0011377127028096557,11.664000000000001
2100118816,Chảo xào Tefal Primary 28cm,CW,C,Z,CZ,0.0,17.0,0.0,0.0,0.0,0.0,50.75,67.75,9.678571428571429,19.18697164620777,1.9824177346635334,67.75,0.00025545530657541764,23,0.0011377127028096557,2.19725
2100121729,Chảo chiên Inox cao cấp Tefal Duetto Plus 26cm,CW,C,Z,CZ,0.0,1.0,0.0,0.0,0.0,0.0,65.25,66.25,9.464285714285714,24.602010661151834,2.599457730234911,66.25,0.00024979946952946743,9,0.000445191927186387,1.7855300000000003
2100132120,"Chảo nồi có nắp đa năng 3 trong 1 - 22cm, vàng",CW,C,Y,CY,0.0,0.0,0.0,0.0,0.0,0.0,64.75,64.75,9.25,24.473199627347462,2.6457513110645907,64.75,0.0002441436324835172,45,0.002225959635931935,3.0648765
7115900921,"Chảo xào TRENDY 28 cm, màu carrot",CW,C,Z,CZ,0.0,0.0,0.0,0.0,0.0,0.0,61.0,61.0,8.714285714285714,23.055832853562862,2.6457513110645907,61.0,0.0002300040398686417,11,0.0005441234665611396,2.40828
7211004196,"Nồi cơm điện tử Tefal RK762168 - 1.5L, 1200W",SDA,C,Z,CZ,0.0,1.0,0.0,0.0,0.0,0.0,57.0,58.0,8.285714285714286,21.48421347341877,2.5929223157574373,58.0,0.0002186923657767413,12,0.000593589236248516,2.6633600000000004
7115900937,"Chảo cao cấp vân đá đen Rock Marble 24cm, NIH",CW,C,Z,CZ,0.0,0.0,0.0,0.0,0.0,0.0,57.0,57.0,8.142857142857142,21.54397496152595,2.6457513110645907,57.0,0.00021492180774610782,8,0.0003957261574990107,2.07765
7115900500,Chảo xào chống dính Comfort W06A36/36cm,CW,C,Y,CY,0.0,0.0,0.0,0.0,0.0,0.0,56.833333333333336,56.833333333333336,8.119047619047619,21.48098088269108,2.6457513110645907,56.833333333333336,0.0002142933814076689,34,0.0016818361693707953,2.626154666666667
2100124953,Nồi đúc cao cấp Tefal Robusto có miệng rót  24cm,CW,C,Z,CZ,0.0,0.0,0.0,0.0,0.0,0.0,56.0,56.0,8.0,21.166010488516726,2.6457513110645907,56.0,0.00021115124971547434,3,0.000148397309062129,2.455572
2100139519,"Bộ 3 nồi chảo cán rời Tefal Ingenio Serenity L8274S04, quánh 20cm/ xào 26cm/ chiên 28cm, xanh dương",CW,C,Z,CZ,0.0,0.0,0.0,0.0,0.0,0.0,56.0,56.0,8.0,21.166010488516726,2.6457513110645907,56.0,0.00021115124971547434,4,0.00019786307874950534,0.8415680000000001
7115900326,Chảo chống dính Everyway F09A-20cm,CW,C,Y,CY,0.0,0.0,0.0,0.0,0.0,0.0,55.9,55.9,7.985714285714286,21.128214041215802,2.6457513110645907,55.9,0.000210774193912411,33,0.0016323703996834191,2.0683
1510001964,Nồi chiên không dầu Tefal 9 trong 1 Easy fry Oven & Grill FW501815,SDA,C,Z,CZ,0.0,0.0,0.0,0.0,1.0,0.0,54.0,55.0,7.857142857142857,20.35050016935351,2.5900636579177196,55.0,0.00020738069168484087,17,0.0008409180846853977,3.84813
2100112290,"Chảo chiên Tefal Unlimited G2550402, 24cm",CW,C,Z,CZ,0.0,0.0,0.0,0.0,0.0,0.0,54.333333333333336,54.333333333333336,7.761904761904762,20.536069700168014,2.6457513110645907,54.333333333333336,0.00020486698633108525,3,0.000148397309062129,3.1687200000000004
3100518440,Hộp nhựa vuông Tefal Masterseal Fresh K3021322 - 1.1L - xanh,CW,C,Z,CZ,0.0,0.0,0.0,0.0,0.0,0.0,53.75,53.75,7.678571428571429,20.315590424245965,2.6457513110645907,53.75,0.00020266749414654903,9,0.000445191927186387,0.62307
2100112226,Chảo chiên sâu lòng Tefal Cook Healthy 28cm,CW,C,Y,CY,0.0,0.0,0.0,0.0,0.0,0.0,53.5,53.5,7.642857142857143,20.221099305993654,2.6457513110645903,53.5,0.00020172485463889066,29,0.0014345073209339138,2.495668
7115900499,Chảo xào chống dính Comfort W06A32/32cm,CW,C,Y,CY,0.0,0.0,0.0,0.0,0.0,0.0,52.5,52.5,7.5,19.84313483298443,2.6457513110645907,52.5,0.00019795429660825718,29,0.0014345073209339138,2.051056875
2100127352,Nồi cán dài/ quánh Tefal Primary 18cm,CW,C,Z,CZ,0.0,0.0,0.0,0.0,0.0,0.0,51.25,51.25,7.321428571428571,19.370679241722897,2.6457513110645907,51.25,0.00019324109906996537,5,0.0002473288484368817,1.7860624999999999
1510002673,Nồi chiên không dầu Tefal Mega EY8558E0 7.5L - Black,SDA,C,Z,CZ,0.0,0.0,0.0,0.0,0.0,0.0,50.0,50.0,7.142857142857143,18.89822365046136,2.6457513110645903,50.0,0.00018852790153167353,4,0.00019786307874950534,3.2337999999999996
2100124433,"Bộ 3 nồi Inox cao cấp Tefal Cook Eat B921S604, 14cm/18cm/20cm",CW,C,Z,CZ,0.0,0.0,0.0,0.0,0.0,0.0,49.0,49.0,7.0,18.520259177452136,2.6457513110645907,49.0,0.00018475734350104005,2,9.893153937475267e-05,1.5002820000000003
2100131963,Chảo xào Tefal So Matcha 30cm,CW,C,Z,CZ,0.0,0.0,0.0,0.0,0.0,0.0,49.0,49.0,7.0,18.520259177452136,2.6457513110645907,49.0,0.00018475734350104005,8,0.0003957261574990107,2.393748
7211003246,"Máy ép chậm Tefal ZC420E38 - 150W, 0.8L, Trắng",SDA,C,Z,CZ,0.0,0.0,0.0,0.0,0.0,0.0,49.0,49.0,7.0,18.520259177452136,2.6457513110645907,49.0,0.00018475734350104005,1,4.9465769687376336e-05,1.631348964
7115900974,"Chảo chiên Supor Star H23110-J26 đáy từ, 26cm, vàng",CW,C,Y,CY,0.0,0.0,0.0,0.0,0.0,0.0,48.5,48.5,6.928571428571429,18.33127694094752,2.6457513110645907,48.5,0.00018287206448572331,49,0.0024238227146814403,1.9989760000000003
2100127513,"Bộ 3 nồi inox Tefal Optispace cao cấp (16cm, 20cm, 24cm)",CW,C,Z,CZ,0.0,0.0,0.0,0.0,12.0,0.0,35.0,47.0,6.714285714285714,13.250336922940056,1.9734544353314976,47.0,0.0001772162274397731,14,0.0006925207756232687,1.4278600000000001
7115900757,Chảo vân đá chống dính dùng trên bếp từ Rock F23A28IH-28cm,CW,C,Z,CZ,0.0,0.0,0.0,0.0,0.0,0.0,43.833333333333336,43.833333333333336,6.261904761904762,16.567442733571127,2.6457513110645907,43.833333333333336,0.0001652761270094338,18,0.000890383854372774,2.1315328125
1510002613,Nồi chiên không dầu điện tử Tefal EasyFry Mega 7.5L,SDA,C,Z,CZ,1.0,0.0,0.0,0.0,1.0,0.0,41.0,43.0,6.142857142857143,15.377782365353935,2.5033599199413383,43.0,0.00016213399531723923,15,0.000741986545310645,2.707882
7211004067,Máy xay sinh tố Tefal - BL42Q166,SDA,C,Z,CZ,0.0,0.0,0.0,0.0,0.0,0.0,39.0,39.0,5.571428571428571,14.740614447359862,2.6457513110645907,39.0,0.00014705176319470534,13,0.0006430550059358923,1.427712
7211419330,"Máy xay thực phẩm Tefal Choppeo MB603166 - 500W, 2L, cối thủy tinh",SDA,C,Z,CZ,0.0,1.0,4.0,0.0,0.0,0.0,33.25,38.25,5.464285714285714,12.339324477921332,2.258177028639198,38.25,0.00014422384467173023,24,0.001187178472497032,2.623104
2100118820,Chảo chiên Tefal Primary 28cm,CW,C,Z,CZ,0.0,0.0,0.0,0.0,0.0,0.0,38.0,38.0,5.428571428571429,14.362649974350633,2.6457513110645903,38.0,0.0001432812051640719,14,0.0006925207756232687,1.46832
2100139669,Bộ 3 nồi chảo cán rời Tefal - L830S404,CW,C,Z,CZ,0.0,0.0,0.0,0.0,0.0,0.0,38.0,38.0,5.428571428571429,14.362649974350633,2.6457513110645903,38.0,0.0001432812051640719,5,0.0002473288484368817,0.541025
7211004996,Máy xay sinh tố Tefal PerfectMix BL871D31,SDA,C,Z,CZ,0.0,5.0,0.0,0.0,0.0,0.0,32.5,37.5,5.357142857142857,12.113058675503494,2.261104286093986,37.5,0.00014139592614875515,20,0.0009893153937475267,1.8547200000000001
2027451120,"Xẻng chịu nhiệt Tefal Bienvenue 2745112, bản nhỏ có rãnh",CW,C,Z,CZ,0.0,0.0,0.0,0.0,0.0,0.0,36.25,36.25,5.178571428571429,13.701212146584485,2.6457513110645903,36.25,0.0001366827286104633,22,0.0010882469331222793,0.13311
3100518419,Hộp nhựa tròn Tefal Masterseal Fresh K3022322 - 0.85L - xanh,CW,C,Z,CZ,0.0,0.0,0.0,0.0,0.0,0.0,36.25,36.25,5.178571428571429,13.701212146584485,2.6457513110645903,36.25,0.0001366827286104633,4,0.00019786307874950534,0.68121
7211003241,Máy ép trái cây ZC150838,SDA,C,Z,CZ,1.0,15.0,0.0,0.0,0.0,0.0,20.0,36.0,5.142857142857143,8.571825387640049,1.6667438253744538,36.0,0.00013574008910280494,15,0.000741986545310645,1.37088
2100111903,Chảo chiên Tefal Natura 20cm,CW,C,Y,CY,0.0,0.0,0.0,0.0,0.0,0.0,35.833333333333336,35.833333333333336,5.1190476190476195,13.543726949497309,2.6457513110645903,35.833333333333336,0.00013511166276436603,29,0.0014345073209339138,0.8094750000000001
2100112292,Chảo chiên Tefal Unlimited 28cm,CW,C,Z,CZ,0.0,0.0,0.0,0.0,0.0,0.0,35.5,35.5,5.071428571428571,13.417738791827567,2.6457513110645907,35.5,0.0001338548100874882,13,0.0006430550059358923,2.0703600000000004
2100124957,Chảo đúc cao cấp sâu lồng Tefal Robusto có miệng rót 28cm,CW,C,Z,CZ,0.0,0.0,0.0,0.0,0.0,0.0,35.25,35.25,5.035714285714286,13.32324767357526,2.6457513110645907,35.25,0.00013291217057982983,14,0.0006925207756232687,1.66461075
7115900916,"Nồi TRENDY 20 cm, màu carrot",CW,C,Z,CZ,0.0,0.0,0.0,0.0,0.0,0.0,35.166666666666664,35.166666666666664,5.023809523809524,13.291750634157822,2.6457513110645903,35.166666666666664,0.00013259795741061038,17,0.0008409180846853977,1.9053300000000002
2100131960,Nồi Tefal So Matcha 24cm,CW,C,Z,CZ,0.0,1.0,0.0,0.0,0.0,0.0,34.0,35.0,5.0,12.793227374930325,2.558645474986065,35.0,0.00013196953107217146,11,0.0005441234665611396,1.312656
2100121619,Chảo chiên Inox cao cấp Tefal Duetto Plus 24cm,CW,C,Z,CZ,0.0,1.0,0.0,0.0,0.0,0.0,33.75,34.75,4.964285714285714,12.69877665649052,2.5580269523865793,34.75,0.0001310268915645131,9,0.000445191927186387,0.9524760000000001
4200009623,Quạt đứng ASIAVINA - VY619090 - Đen,Fan,C,Z,CZ,2.0,0.0,0.0,0.0,0.0,26.0,6.0,34.0,4.857142857142857,9.58172864411865,1.9727088384950164,34.0,0.000128198973041538,10,0.0004946576968737634,1.582768
7116900165,"Bộ 3 nồi đúc vân đá xanh DuraRock 18, 20, 24cm; dùng cho bếp từ",CW,C,Z,CZ,0.0,0.0,0.0,0.0,1.0,0.0,33.0,34.0,4.857142857142857,12.415428190072912,2.5561175685444235,34.0,0.000128198973041538,17,0.0008409180846853977,1.40454
2100112230,Nồi cán dài - quánh Tefal So Chef 18cm,CW,C,Z,CZ,0.0,1.0,0.0,0.0,0.0,0.0,31.75,32.75,4.678571428571429,11.943193917557435,2.5527437381038793,32.75,0.00012348577550324615,23,0.0011377127028096557,1.4601600000000001
7211004185,"Nồi cơm điện tử Tefal RK733168 - 1.8L, 750W",SDA,C,Z,CZ,0.0,0.0,0.0,0.0,0.0,0.0,31.5,31.5,4.5,11.905880899790658,2.6457513110645907,31.5,0.00011877257796495432,3,0.000148397309062129,4.977126
7211005279,Nồi cơm điện tử Delirice RK7711Y0  - 1.8L,SDA,C,Z,CZ,0.0,0.0,0.0,0.0,0.0,0.0,31.5,31.5,4.5,11.905880899790658,2.6457513110645907,31.5,0.00011877257796495432,10,0.0004946576968737634,2.921184
4200008236,Quạt lửng ASIAVINA Turbo One VY618790 - 55W Xám Cánh Cam,Fan,C,Z,CZ,0.0,0.0,24.0,7.0,0.0,0.0,0.0,31.0,4.428571428571429,9.015859043136947,2.0358391387728587,31.0,0.00011688729894963758,2,9.893153937475267e-05,2.0925000000000002
2100131965,Chảo chiên Tefal So Matcha 20cm,CW,C,Z,CZ,0.0,0.0,0.0,0.0,0.0,0.0,30.833333333333332,30.833333333333332,4.404761904761904,11.653904584451173,2.6457513110645907,30.833333333333332,0.00011625887261119867,13,0.0006430550059358923,0.790875
1510001949,Máy vắt cam ZP300138 - Trắng,SDA,C,Z,CZ,0.0,0.0,0.0,0.0,0.0,0.0,30.25,30.25,4.321428571428571,11.433425308529124,2.6457513110645907,30.25,0.00011405938042666248,22,0.0010882469331222793,1.0368490000000001
7115900919,"Chảo chiên TRENDY 26 cm, màu carrot",CW,C,Z,CZ,0.0,0.0,0.0,0.0,0.0,0.0,30.166666666666668,30.166666666666668,4.309523809523809,11.401928269111687,2.6457513110645907,30.166666666666668,0.00011374516725744303,10,0.0004946576968737634,1.2433493333333334
2100132743,Nồi Inox Tefal Optispace cao cấp 28cm,CW,C,Z,CZ,0.0,0.0,0.0,0.0,0.0,0.0,30.0,30.0,4.285714285714286,11.338934190276817,2.6457513110645907,30.0,0.00011311674091900411,13,0.0006430550059358923,1.332
7114000640,"Nồi áp suất Inox cao cấp Tefal Secure Trendy, 4L",CW,C,Z,CZ,0.0,0.0,0.0,0.0,0.0,0.0,30.0,30.0,4.285714285714286,11.338934190276817,2.6457513110645907,30.0,0.00011311674091900411,5,0.0002473288484368817,1.7388
7211005448,"Nồi cơm điện tử Mini Tefal POP RK535TY0, màu cam đất",SDA,C,Z,CZ,0.0,0.0,0.0,0.0,0.0,0.0,29.25,29.25,4.178571428571429,11.055460835519897,2.6457513110645907,29.25,0.00011028882239602901,18,0.000890383854372774,2.41956
2100124959,Chảo đúc cao cấp Tefal Robusto có miệng rót 22cm,CW,C,Z,CZ,0.0,0.0,0.0,0.0,0.0,0.0,29.166666666666664,29.166666666666664,4.166666666666666,11.02396379610246,2.6457513110645907,29.166666666666664,0.00010997460922680955,15,0.000741986545310645,0.9460500000000001
3100518418,Hộp nhựa tròn Tefal Masterseal Fresh K3022222 - 0.15L - xanh,CW,C,Z,CZ,0.0,0.0,0.0,0.0,0.0,0.0,28.833333333333336,28.833333333333336,4.1190476190476195,10.897975638432719,2.6457513110645903,28.833333333333336,0.00010871775654993173,8,0.0003957261574990107,0.16192800000000002
1830007745,Bàn ủi cầm tay Tefal - DT6130E0,SDA,C,Z,CZ,0.0,1.0,0.0,0.0,0.0,0.0,27.666666666666664,28.666666666666664,4.095238095238095,10.400702052006064,2.5397063150247368,28.666666666666664,0.00010808933021149281,27,0.001335575781559161,1.773707
7211004889,Nồi cơm điện tử Delirice Plus 1.8L RK776968 - Đồng,SDA,C,Z,CZ,20.0,3.0,0.0,0.0,0.0,0.0,5.5,28.5,4.071428571428571,7.339553638951596,1.8026973850056554,28.5,0.00010746090387305391,4,0.00019786307874950534,1.4829780000000001
7115900948,"Nồi vân đá ROCK ART xanh 22cm, dùng cho bếp từ",CW,C,Z,CZ,0.0,0.0,0.0,0.0,0.0,0.0,28.333333333333332,28.333333333333332,4.0476190476190474,10.708993401928105,2.6457513110645907,28.333333333333332,0.000106832477534615,11,0.0005441234665611396,2.3212933333333337
7211005445,"Nồi cơm điện tử Mini Tefal POP RK535AY0, màu be  - 0.7L",SDA,C,Y,CY,0.0,0.0,0.0,0.0,0.0,0.0,28.25,28.25,4.035714285714286,10.67749636251067,2.6457513110645907,28.25,0.00010651826436539554,40,0.0019786307874950534,2.379328
2100131959,Nồi cán dài Tefal So Matcha 18cm,CW,C,Z,CZ,0.0,0.0,0.0,0.0,0.0,0.0,28.0,28.0,4.0,10.583005244258363,2.6457513110645907,28.0,0.00010557562485773717,24,0.001187178472497032,0.9520000000000001
2100139708,Bộ 3 nồi chảo cán rời Tefal - L828S404,CW,C,Z,CZ,0.0,0.0,0.0,0.0,0.0,0.0,28.0,28.0,4.0,10.583005244258363,2.6457513110645907,28.0,0.00010557562485773717,3,0.000148397309062129,0.39864999999999995
3100518437,Hộp nhựa vuông Tefal Masterseal Fresh K3021122 - 0.55L - xanh,CW,C,Z,CZ,0.0,0.0,0.0,0.0,0.0,0.0,27.75,27.75,3.9642857142857144,10.488514126006056,2.6457513110645907,27.75,0.0001046329853500788,7,0.00034626038781163435,0.291375
2100136215,"Nồi Inox cao cấp Tefal Duetto Plus, 22cm",CW,C,Z,CZ,0.0,0.0,0.0,0.0,0.0,0.0,27.0,27.0,3.857142857142857,10.205040771249136,2.6457513110645907,27.0,0.0001018050668271037,8,0.0003957261574990107,1.182384
2100127800,"Chảo nồi có nắp đa năng 3 trong 1 - 22cm, đen",CW,C,Z,CZ,0.0,0.0,0.0,0.0,0.0,0.0,26.75,26.75,3.8214285714285716,10.110549652996827,2.6457513110645903,26.75,0.00010086242731944533,8,0.0003957261574990107,1.2108120000000002
7211419476,Bình đun siêu tốc Tefal KO190AE0 - 1.9L,SDA,C,Z,CZ,0.0,1.0,0.0,0.0,2.0,0.0,23.666666666666668,26.666666666666668,3.8095238095238098,8.78942365880541,2.30722371043642,26.666666666666668,0.00010054821415022589,22,0.0010882469331222793,0.962
2100112225,Chảo chiên sâu lòng Tefal Cook Healthy 26cm,CW,C,Z,CZ,0.0,0.0,0.0,0.0,0.0,0.0,25.166666666666668,25.166666666666668,3.5952380952380953,9.512105904065551,2.6457513110645903,25.166666666666668,9.489237710427567e-05,23,0.0011377127028096557,1.2833741666666667
2100127807,Bộ nồi chảo cán rời 6 món Tefal Ingenio Unlimited L7819022,CW,C,Z,CZ,0.0,0.0,0.0,0.0,0.0,0.0,25.0,25.0,3.5714285714285716,9.44911182523068,2.6457513110645903,25.0,9.426395076583676e-05,1,4.9465769687376336e-05,0.8835000000000001
4200008369,Quạt treo ASIAVINA Turbo One VY617890 - 55W Đen Cánh Xanh,CW,C,Z,CZ,0.0,0.0,25.0,0.0,0.0,0.0,0.0,25.0,3.5714285714285716,9.44911182523068,2.6457513110645903,25.0,9.426395076583676e-05,1,4.9465769687376336e-05,1.5625
3110600838,Hộp nhựa vuông Tefal Masterseal Fresh K3021622 - 0.2L - xanh,CW,C,Z,CZ,0.0,0.0,0.0,0.0,0.0,0.0,24.75,24.75,3.5357142857142856,9.354620706978373,2.6457513110645907,24.75,9.33213112581784e-05,9,0.000445191927186387,0.215622
7211003302,Bếp điện từ SDHCB11TVN-GR-210,SDA,C,Y,CY,0.0,6.0,0.0,0.0,0.0,0.0,17.5,23.5,3.357142857142857,6.625168461470029,1.973454435331498,23.5,8.860811371988655e-05,28,0.0013850415512465374,1.4441342720000003
7211005180,"Máy hút bụi không dây Expert 7.6 Tefal, TY6A75WO",SDA,C,Z,CZ,0.0,0.0,0.0,0.0,0.0,0.0,23.5,23.5,3.357142857142857,8.882165115716841,2.6457513110645907,23.5,8.860811371988655e-05,16,0.0007914523149980214,1.74464
2100124958,Chảo đúc cao cấp Tefal Robusto có miệng rót 20cm,CW,C,Z,CZ,0.0,0.0,0.0,0.0,0.0,0.0,23.166666666666668,23.166666666666668,3.3095238095238098,8.756176958047098,2.6457513110645903,23.166666666666668,8.735126104300874e-05,14,0.0006925207756232687,0.9143420000000001
1830006980,Bàn ủi hơi nước đứng Tefal - IT3420E0,SDA,C,Z,CZ,23.0,0.0,0.0,0.0,0.0,0.0,0.0,23.0,3.2857142857142856,8.693182879212227,2.6457513110645907,23.0,8.672283470456981e-05,3,0.000148397309062129,1.8276720000000002
7212000170,Nồi áp suất điện tử New delicious CYYB50YA10VN-100,SDA,C,Z,CZ,0.0,0.0,8.0,0.0,0.0,0.0,15.0,23.0,3.2857142857142856,5.96417878432803,1.815184847404183,23.0,8.672283470456981e-05,15,0.000741986545310645,2.14138968
7212000245,Nồi cơm điện Niêu CFXB50YB13VN-50,SDA,C,Z,CZ,0.0,0.0,0.0,0.0,0.0,0.0,23.0,23.0,3.2857142857142856,8.693182879212227,2.6457513110645907,23.0,8.672283470456981e-05,2,9.893153937475267e-05,4.139702748
7211004944,Máy xay sinh tố cá nhân Mix&Move BL15FD30,SDA,C,Z,CZ,0.0,2.0,0.0,0.0,0.0,0.0,20.75,22.75,3.25,7.752687705993752,2.385442371075001,22.75,8.578019519691145e-05,20,0.0009893153937475267,1.40505
1830009220,"Bàn ủi 2-trong-1, kết hợp ủi hơi và cầm tay - JF4031E0",SDA,C,Z,CZ,0.0,0.0,0.0,0.0,0.0,0.0,22.166666666666668,22.166666666666668,3.166666666666667,8.37821248503787,2.6457513110645907,22.166666666666668,8.358070301237527e-05,10,0.0004946576968737634,2.6557440000000003
1510002077,Nồi chiên không dầu Tefal 2in1 Easy Fry & Grill  Classis+ EY501D15,SDA,C,Z,CZ,0.0,1.0,0.0,0.0,0.0,0.0,21.0,22.0,3.142857142857143,7.883074092183654,2.508250847512981,22.0,8.295227667393635e-05,9,0.000445191927186387,1.21968
7211005447,"Nồi cơm điện tử Mini Tefal POP RK5352Y0, màu vàng",SDA,C,Z,CZ,0.0,0.0,0.0,0.0,0.0,0.0,21.75,21.75,3.107142857142857,8.220727287950693,2.6457513110645907,21.75,8.200963716627798e-05,13,0.0006430550059358923,1.79916
2100111897,Chảo chiên sâu lồng Tefal Natura 24cm,CW,C,Z,CZ,0.0,0.0,0.0,0.0,0.0,0.0,21.166666666666668,21.166666666666668,3.023809523809524,8.000248012028642,2.64575131106459,21.166666666666668,7.981014498174179e-05,3,0.000148397309062129,0.9867900000000001
2100111905,Chảo chiên Tefal Natura 28cm,CW,C,Z,CZ,0.0,0.0,0.0,0.0,1.0,0.0,20.166666666666668,21.166666666666668,3.023809523809524,7.568470521297287,2.502958755074693,21.166666666666668,7.981014498174179e-05,16,0.0007914523149980214,0.8137399999999999
4200000309,Quạt hộp ASIAvina - F12001-LV1 - Lá mạ,Fan,C,Z,CZ,0.0,0.0,21.0,0.0,0.0,0.0,0.0,21.0,3.0,7.937253933193772,2.6457513110645907,21.0,7.918171864330288e-05,1,4.9465769687376336e-05,0.6788985000000001
7211003293,Nồi cơm điện IH Tefal RK604165,SDA,C,Z,CZ,0.0,0.0,0.0,0.0,0.0,0.0,21.0,21.0,3.0,7.937253933193772,2.6457513110645907,21.0,7.918171864330288e-05,8,0.0003957261574990107,0.8043840000000001
7211004358,"Máy xay sinh tố Tefal Blendeo+ BL2C1166 - 450W, 1.25L",SDA,C,Z,CZ,0.0,0.0,0.0,0.0,0.0,0.0,21.0,21.0,3.0,7.937253933193772,2.6457513110645907,21.0,7.918171864330288e-05,17,0.0008409180846853977,1.308447
1830008849,Bàn ủi hơi nước cầm tay Pure Pop Tefal DT2020E1,SDA,C,Z,CZ,0.0,18.0,0.0,0.0,0.0,0.0,2.25,20.25,2.892857142857143,6.714190728811413,2.3209548198360443,20.25,7.635380012032777e-05,4,0.00019786307874950534,0.176715
2100127883,Bộ nồi chảo cán rời 3 món Ingenio Daily Chef L7619022,CW,C,Z,CZ,0.0,0.0,0.0,0.0,0.0,0.0,20.25,20.25,2.892857142857143,7.653780578436851,2.6457513110645903,20.25,7.635380012032777e-05,4,0.00019786307874950534,1.0508535
2100131478,"Chảo nồi có nắp đa năng 3 trong 1 - 24cm, đen",CW,C,Z,CZ,0.0,1.0,0.0,0.0,0.0,0.0,19.0,20.0,2.857142857142857,7.12807995252044,2.494827983382154,20.0,7.54111606126694e-05,8,0.0003957261574990107,1.105104
3100518439,Hộp nhựa vuông Tefal Masterseal Fresh K3021222 - 1L - xanh,CW,C,Z,CZ,0.0,0.0,0.0,0.0,0.0,0.0,20.0,20.0,2.857142857142857,7.559289460184544,2.6457513110645903,20.0,7.54111606126694e-05,2,9.893153937475267e-05,0.2016
7115900940,"Chảo cao cấp vân đá đen Rock Marble 28cm, NIH",CW,C,Z,CZ,0.0,0.0,0.0,0.0,0.0,0.0,20.0,20.0,2.857142857142857,7.559289460184544,2.6457513110645903,20.0,7.54111606126694e-05,2,9.893153937475267e-05,0.7533000000000002
7115900926,"Chảo đúc vân đá xanh DuraRock 24cm, dùng cho bếp từ",CW,C,Z,CZ,0.0,0.0,0.0,0.0,0.0,0.0,19.666666666666668,19.666666666666668,2.8095238095238098,7.433301302514803,2.6457513110645907,19.666666666666668,7.41543079357916e-05,19,0.0009398496240601503,0.66729
7115900929,"Chảo đúc vân đá xanh DuraRock 24cm, không dùng cho bếp từ",CW,C,Z,CZ,0.0,0.0,0.0,0.0,0.0,0.0,19.166666666666668,19.166666666666668,2.738095238095238,7.244319066010189,2.6457513110645907,19.166666666666668,7.226902892047486e-05,6,0.000296794618124258,0.6253125
7211005459,Nồi cơm điện tử Easy Pot Plus RK1088Y0 - 1.8L,SDA,C,Z,CZ,0.0,0.0,0.0,0.0,0.0,0.0,19.0,19.0,2.7142857142857144,7.181324987175317,2.6457513110645903,19.0,7.164060258203594e-05,8,0.0003957261574990107,0.6420480000000001
7115900886,Chảo sâu lồng Supor Fresh IH - màu xanh bơ 20cm,CW,C,Z,CZ,0.0,0.0,0.0,0.0,0.0,0.0,18.833333333333336,18.833333333333336,2.6904761904761907,7.118330908340448,2.6457513110645907,18.833333333333336,7.101217624359703e-05,4,0.00019786307874950534,0.7043666666666667
2100112231,Nồi Tefal So Chef 22cm,CW,C,Z,CZ,0.0,0.0,0.0,0.0,0.0,0.0,18.5,18.5,2.642857142857143,6.992342750670704,2.6457513110645907,18.5,6.97553235667192e-05,10,0.0004946576968737634,0.6406087500000001
2100118301,Chảo chiên sâu lồng Tefal Ultimate 28cm,CW,C,Z,CZ,0.0,0.0,0.0,0.0,0.0,0.0,18.333333333333332,18.333333333333332,2.619047619047619,6.929348671835832,2.6457513110645907,18.333333333333332,6.912689722828028e-05,10,0.0004946576968737634,1.0692000000000002
7211003215,Nồi cơm điện CFXB50YB13VN-RD-50,SDA,C,Z,CZ,0.0,0.0,0.0,0.0,0.0,0.0,18.0,18.0,2.5714285714285716,6.80336051416609,2.6457513110645903,18.0,6.787004455140247e-05,2,9.893153937475267e-05,3.2397673680000003
7211004427,Máy xay sinh tố Tefal Blendforce Piano BL477566 - Đỏ,SDA,C,Z,CZ,0.0,0.0,0.0,0.0,0.0,0.0,17.333333333333332,17.333333333333332,2.476190476190476,6.551384198826605,2.6457513110645907,17.333333333333332,6.535633919764682e-05,14,0.0006925207756232687,1.3634400000000002
2100118302,Chảo chiên Tefal Ultimate 24cm,CW,C,Z,CZ,0.0,0.0,0.0,0.0,0.0,0.0,17.166666666666668,17.166666666666668,2.4523809523809526,6.488390119991735,2.6457513110645907,17.166666666666668,6.472791285920791e-05,11,0.0005441234665611396,1.00116
2100112224,Chảo chiên sâu lòng Tefal Cook Healthy 24cm,CW,C,Z,CZ,0.0,0.0,0.0,0.0,0.0,0.0,17.0,17.0,2.4285714285714284,6.425396041156863,2.6457513110645907,17.0,6.4099486520769e-05,17,0.0008409180846853977,0.8914799999999999
7211005446,"Nồi cơm điện tử Mini Tefal POP RK5354Y0, màu xanh  - 0.7L",SDA,C,Z,CZ,0.0,0.0,0.0,0.0,0.0,0.0,17.0,17.0,2.4285714285714284,6.425396041156863,2.6457513110645907,17.0,6.4099486520769e-05,13,0.0006430550059358923,1.4318080000000002
2100124470,"Chảo chống dính Inox cao cấp Cook Eat B9221904, 28cm",CW,C,Z,CZ,0.0,0.0,0.0,0.0,0.0,0.0,15.75,15.75,2.25,5.952940449895329,2.6457513110645907,15.75,5.938628898247716e-05,4,0.00019786307874950534,0.7166250000000001
1830009279,"Bàn ủi hơi nước  Tefal Virtuo 30, FV2C60E0 Xanh lam",SDA,C,Z,CZ,0.0,0.0,0.0,0.0,0.0,0.0,15.166666666666666,15.166666666666666,2.1666666666666665,5.732461173973279,2.6457513110645907,15.166666666666666,5.7186796797940966e-05,16,0.0007914523149980214,0.7930346666666668
2100118304,Chảo chiên Tefal Ultimate 20cm,CW,C,Z,CZ,0.0,0.0,0.0,0.0,0.0,0.0,15.166666666666666,15.166666666666666,2.1666666666666665,5.732461173973279,2.6457513110645907,15.166666666666666,5.7186796797940966e-05,12,0.000593589236248516,0.5733
2100132581,"Bộ chảo 20cm, chảo sâu 28cm, nồi 24, xẻng, vá Tefal So Matcha",CW,C,Z,CZ,0.0,0.0,0.0,0.0,0.0,0.0,15.0,15.0,2.142857142857143,5.669467095138408,2.6457513110645907,15.0,5.6558370459502053e-05,5,0.0002473288484368817,0.7647900000000001
2100136855,"Chảo chiên chống dính Tefal Flavor Force E2770474, 24cm",CW,C,Z,CZ,0.0,0.0,0.0,0.0,0.0,0.0,15.0,15.0,2.142857142857143,5.669467095138408,2.6457513110645907,15.0,5.6558370459502053e-05,4,0.00019786307874950534,0.69255
4200000030,Quạt bàn ASIAvina - B12001-EV0 - Thiên thanh,Fan,C,Z,CZ,0.0,0.0,15.0,0.0,0.0,0.0,0.0,15.0,2.142857142857143,5.669467095138408,2.6457513110645907,15.0,5.6558370459502053e-05,1,4.9465769687376336e-05,0.46398
4200008264,Quạt đứng TEFAL TB Silence Plus VH689990 - Trắng Cánh Xanh,Fan,C,Z,CZ,0.0,0.0,0.0,0.0,0.0,0.0,15.0,15.0,2.142857142857143,5.669467095138408,2.6457513110645907,15.0,5.6558370459502053e-05,4,0.00019786307874950534,1.0991700000000002
7115900925,"Chảo đúc vân đá xanh DuraRock 20cm, dùng cho bếp từ",CW,C,Z,CZ,0.0,0.0,0.0,0.0,0.0,0.0,15.0,15.0,2.142857142857143,5.669467095138408,2.6457513110645907,15.0,5.6558370459502053e-05,2,9.893153937475267e-05,0.38367000000000007
7211005205,"Máy hút bụi không dây X-Force Flex 13.6, TY9AD2WO",SDA,C,Z,CZ,0.0,0.0,0.0,0.0,0.0,0.0,15.0,15.0,2.142857142857143,5.669467095138408,2.6457513110645907,15.0,5.6558370459502053e-05,6,0.000296794618124258,0.8640000000000001
2100102198,Muôi múc canh sâu lòng chịu nhiệt Tefal Comfort K1290214,CW,C,Z,CZ,0.0,0.0,0.0,0.0,0.0,0.0,14.4,14.4,2.0571428571428574,5.442688411332872,2.6457513110645903,14.4,5.4296035641121974e-05,3,0.000148397309062129,0.15350400000000003
1830009180,Bàn ủi khô TEFAL FS3110L0,SDA,C,Z,CZ,0.0,0.0,0.0,0.0,0.0,0.0,14.166666666666668,14.166666666666668,2.023809523809524,5.354496700964053,2.6457513110645907,14.166666666666668,5.3416238767307505e-05,4,0.00019786307874950534,0.08553125
2100111904,Chảo chiên Tefal Natura 24cm,CW,C,Z,CZ,0.0,0.0,0.0,0.0,0.0,0.0,14.166666666666668,14.166666666666668,2.023809523809524,5.354496700964053,2.6457513110645907,14.166666666666668,5.3416238767307505e-05,12,0.000593589236248516,0.412335
7115900943,"Chảo cao cấp vân đá đen Rock Marble 24cm, dùng cho bếp từ",CW,C,Z,CZ,0.0,0.0,0.0,0.0,0.0,0.0,14.166666666666666,14.166666666666666,2.0238095238095237,5.354496700964052,2.6457513110645907,14.166666666666666,5.34162387673075e-05,15,0.000741986545310645,0.5049000000000001
2100119885,"Bộ dao thép Đức 4 món K2324S74, 20cm/20cm/11cm/9cm",CW,C,Z,CZ,0.0,0.0,0.0,0.0,0.0,0.0,14.0,14.0,2.0,5.291502622129181,2.6457513110645907,14.0,5.2787812428868586e-05,2,9.893153937475267e-05,1.086624
2100136853,"Chảo chiên chống dính Tefal Flavor Force E2770574, 26cm",CW,C,Z,CZ,0.0,0.0,0.0,0.0,0.0,0.0,14.0,14.0,2.0,5.291502622129181,2.6457513110645907,14.0,5.2787812428868586e-05,4,0.00019786307874950534,0.504252
7115900755,Chảo vân đá chống dính dùng trên bếp từ  Rock F23A24IH-24cm,CW,C,Z,CZ,0.0,0.0,0.0,0.0,0.0,0.0,14.0,14.0,2.0,5.291502622129181,2.6457513110645907,14.0,5.2787812428868586e-05,12,0.000593589236248516,0.51667
7211005398,Nồi cơm điện tử Tefal RK752168 - 1.8L,SDA,C,Z,CZ,0.0,0.0,0.0,0.0,0.0,0.0,13.5,13.5,1.9285714285714286,5.102520385624568,2.6457513110645907,13.5,5.090253341355185e-05,14,0.0006925207756232687,1.3427572500000002
1510002688,Nồi chiên không dầu Tefal 3 trong 1 Easy fry Steam & Grill FW201815,SDA,C,Z,CZ,0.0,0.0,0.0,0.0,0.0,0.0,13.0,13.0,1.8571428571428572,4.913538149119954,2.6457513110645903,13.0,4.901725439823512e-05,4,0.00019786307874950534,1.1297390000000003
2100131504,"Bộ dao kéo thép Đức 7 món và kệ dao gỗ Tefal Ice Force K232S714, 9cm/11cm/18cm/20cm/20cm/20cm",CW,C,Z,CZ,0.0,0.0,0.0,0.0,0.0,0.0,13.0,13.0,1.8571428571428572,4.913538149119954,2.6457513110645903,13.0,4.901725439823512e-05,3,0.000148397309062129,0.17491500000000004
2100120185,Chảo chiên sâu lồng Tefal Day By Day 28cm,CW,C,Z,CZ,0.0,0.0,0.0,0.0,0.0,1.0,11.0,12.0,1.7142857142857142,4.111540089159038,2.398398385342772,12.0,4.5246696367601644e-05,5,0.0002473288484368817,0.446896
7211003360,"Máy xay sinh tố Tefal BlendForce BL438831- 800W, cối thủy tinh",SDA,C,Z,CZ,0.0,0.0,0.0,0.0,0.0,0.0,12.0,12.0,1.7142857142857142,4.535573676110727,2.6457513110645907,12.0,4.5246696367601644e-05,3,0.000148397309062129,0.335616
7115900944,"Chảo cao cấp vân đá đen Rock Marble 26cm, dùng cho bếp từ",CW,C,Z,CZ,0.0,0.0,0.0,0.0,0.0,0.0,11.833333333333334,11.833333333333334,1.6904761904761905,4.472579597275856,2.6457513110645907,11.833333333333334,4.461827002916274e-05,12,0.000593589236248516,0.4999938333333334
2100124956,"Chảo đúc cao cấp nướng, chiên Tefal Robusto có miệng rót 26cm",CW,C,Z,CZ,0.0,0.0,0.0,0.0,0.0,0.0,11.25,11.25,1.6071428571428572,4.252100321353806,2.6457513110645903,11.25,4.2418777844626545e-05,4,0.00019786307874950534,0.363825
1830007750,Bàn ủi cầm tay Tefal - DT3030E0,SDA,C,Z,CZ,0.0,11.0,0.0,0.0,0.0,0.0,0.0,11.0,1.5714285714285714,4.1576092031015,2.6457513110645907,11.0,4.147613833696818e-05,9,0.000445191927186387,0.09317
2100113187,"Nồi Duetto Plus 28cm, 10.4L",CW,C,Z,CZ,0.0,0.0,0.0,0.0,0.0,0.0,11.0,11.0,1.5714285714285714,4.1576092031015,2.6457513110645907,11.0,4.147613833696818e-05,5,0.0002473288484368817,0.67298
7211419726,Nồi áp suất đa năng Tefal CY2116P1- 6L,SDA,C,Z,CZ,0.0,0.0,0.0,0.0,0.0,0.0,11.0,11.0,1.5714285714285714,4.1576092031015,2.6457513110645907,11.0,4.147613833696818e-05,6,0.000296794618124258,0.0363858
2100120058,Nồi cán dài/ quánh Tefal Day By Day 18cm,CW,C,Z,CZ,0.0,0.0,0.0,0.0,0.0,0.0,10.75,10.75,1.5357142857142858,4.063118084849193,2.6457513110645903,10.75,4.053349882930981e-05,3,0.000148397309062129,0.491232
2100122011,Dao gọt trái cây phủ Titanium Tefal Fresh Kitchen K1220704 - 12cm,CW,C,Z,CZ,0.0,0.0,0.0,0.0,0.0,0.0,10.666666666666666,10.666666666666666,1.5238095238095237,4.031621045431757,2.6457513110645907,10.666666666666666,4.021928566009035e-05,5,0.0002473288484368817,0.05824000000000001
1830008852,Bàn ủi hơi nước cầm tay Pure Pop Tefal DT2026E1,SDA,C,Z,CZ,0.0,9.0,0.0,0.0,0.0,0.0,1.625,10.625,1.5178571428571428,3.3544346979568918,2.2099805068892464,10.625,4.0062179075480624e-05,11,0.0005441234665611396,0.10799249999999999
7211004214,"Nồi cơm điện cơ Tefal RK361168 - 1.5L, 700W",SDA,C,Z,CZ,0.0,0.0,0.0,0.0,0.0,0.0,10.5,10.5,1.5,3.968626966596886,2.6457513110645907,10.5,3.959085932165144e-05,3,0.000148397309062129,1.4189175
2100134676,"Dao chặt thép Đức liền khối Ice Force Tefal K1750124, 18cm",CW,C,Z,CZ,0.0,0.0,0.0,1.0,0.0,0.0,9.333333333333334,10.333333333333334,1.4761904761904763,3.484660262185848,2.360576306642026,10.333333333333334,3.896243298321253e-05,9,0.000445191927186387,0.10659
1830008265,Bàn ủi hơi nước Tefal GV9820E0,SDA,C,Z,CZ,0.0,0.0,0.0,0.0,0.0,0.0,10.0,10.0,1.4285714285714286,3.779644730092272,2.6457513110645903,10.0,3.77055803063347e-05,1,4.9465769687376336e-05,0.4968
1830008851,"Bàn ủi hơi nước cầm tay Pure Pop Tefal DT2022E1, màu cam carrot",SDA,C,Z,CZ,0.0,8.0,0.0,0.0,0.0,0.0,1.125,9.125,1.3035714285714286,2.9824636268887317,2.287917302818753,9.125,3.440634202953042e-05,3,0.000148397309062129,0.08344875
4200007356,Quat dung ASIAvina -DTB1601 - Xam,Fan,C,Z,CZ,0.0,0.0,9.0,0.0,0.0,0.0,0.0,9.0,1.2857142857142858,3.401680257083045,2.6457513110645903,9.0,3.3935022275701235e-05,1,4.9465769687376336e-05,0.84605175
7211004800,Máy hút bụi không dây X-Nano TY1129WO,SDA,C,Z,CZ,0.0,0.0,0.0,0.0,0.0,0.0,9.0,9.0,1.2857142857142858,3.401680257083045,2.6457513110645903,9.0,3.3935022275701235e-05,6,0.000296794618124258,0.6370560000000001
2100118303,Chảo chiên Tefal Ultimate 26cm,CW,C,Z,CZ,0.0,0.0,0.0,0.0,0.0,0.0,8.833333333333334,8.833333333333334,1.261904761904762,3.338686178248174,2.6457513110645903,8.833333333333334,3.330659593726232e-05,7,0.00034626038781163435,0.5151600000000001
2100121620,Chảo chiên Inox cao cấp Tefal Duetto Plus 28cm,CW,C,Z,CZ,0.0,0.0,0.0,0.0,0.0,0.0,8.75,8.75,1.25,3.307189138830738,2.6457513110645907,8.75,3.2992382768042866e-05,6,0.000296794618124258,0.28875
2100121736,"Dao làm bếp Tefal Comfort K2213104, 15cm",CW,C,Z,CZ,0.0,0.0,0.0,0.0,0.0,0.0,8.5,8.5,1.2142857142857142,3.2126980205784315,2.6457513110645907,8.5,3.20497432603845e-05,5,0.0002473288484368817,0.051713999999999996
2100113186,"Nồi Duetto Plus 22cm, 6L",CW,C,Z,CZ,0.0,0.0,0.0,0.0,0.0,0.0,8.0,8.0,1.1428571428571428,3.023715784073818,2.6457513110645907,8.0,3.0164464245067764e-05,2,9.893153937475267e-05,0.3542
2100118139,Chảo chiên Tefal Ultimate 28cm,CW,C,Z,CZ,0.0,0.0,0.0,0.0,0.0,0.0,8.0,8.0,1.1428571428571428,3.023715784073818,2.6457513110645907,8.0,3.0164464245067764e-05,7,0.00034626038781163435,0.4665600000000001
2100124952,Nồi đúc cao cấp Tefal Robusto có miệng rót 20cm,CW,C,Z,CZ,0.0,0.0,0.0,0.0,0.0,0.0,8.0,8.0,1.1428571428571428,3.023715784073818,2.6457513110645907,8.0,3.0164464245067764e-05,5,0.0002473288484368817,0.484704
2100127802,"Chảo nồi có nắp đa năng 3 trong 1 - 22cm,  xanh",CW,C,Z,CZ,0.0,0.0,0.0,0.0,1.0,0.0,6.75,7.75,1.1071428571428572,2.5160200998515774,2.2725342837369085,7.75,2.9221824737409395e-05,5,0.0002473288484368817,0.316848
8010001304,Máy ép trái cây ZE370865 - 350W,SDA,C,Z,CZ,0.0,0.0,0.0,0.0,0.0,0.0,7.375,7.375,1.0535714285714286,2.7874879884430506,2.6457513110645903,7.375,2.7807865475921846e-05,5,0.0002473288484368817,0.262668
2100112281,Nồi cán dài/ quánh Tefal Unlimited 16cm,CW,C,Z,CZ,0.0,0.0,0.0,0.0,0.0,0.0,7.25,7.25,1.0357142857142858,2.7402424293168974,2.6457513110645903,7.25,2.733654572209266e-05,3,0.000148397309062129,0.135401
7211003259,Máy xay sinh tố Tefal BL985A31 - 1300W,SDA,C,Z,CZ,0.0,0.0,0.0,0.0,0.0,0.0,7.0,7.0,1.0,2.6457513110645907,2.6457513110645907,7.0,2.6393906214434293e-05,2,9.893153937475267e-05,0.587776
7211005393,Máy hút bụi lau sàn không dây Tefal GF5736F4,SDA,C,Z,CZ,0.0,0.0,0.0,0.0,0.0,0.0,7.0,7.0,1.0,2.6457513110645907,2.6457513110645907,7.0,2.6393906214434293e-05,2,9.893153937475267e-05,0.502425
2100125810,"Bộ dao thép Đức 3 món liền khối Ice Force Tefal K232S374, 11cm/18cm/20cm",CW,C,Z,CZ,0.0,0.0,0.0,0.0,0.0,0.0,6.833333333333333,6.833333333333333,0.9761904761904762,2.5827572322297194,2.6457513110645907,6.833333333333333,2.576547987599538e-05,8,0.0003957261574990107,0.12628
7115900936,"Chảo cao cấp vân đá trắng Rock Marble 28cm, NIH",CW,C,Z,CZ,0.0,0.0,0.0,0.0,0.0,0.0,6.666666666666667,6.666666666666667,0.9523809523809524,2.519763153394848,2.6457513110645903,6.666666666666667,2.513705353755647e-05,4,0.00019786307874950534,0.32736
7115900945,"Chảo cao cấp vân đá đen Rock Marble 28cm, dùng cho bếp từ",CW,C,Z,CZ,0.0,0.0,0.0,0.0,0.0,0.0,6.666666666666667,6.666666666666667,0.9523809523809524,2.519763153394848,2.6457513110645903,6.666666666666667,2.513705353755647e-05,8,0.0003957261574990107,0.33418000000000003
2100102197,Muỗng canh Tefal Comfort K1290114,CW,C,Z,CZ,0.0,0.0,0.0,0.0,0.0,0.0,6.5625,6.5625,0.9375,2.4803918541230536,2.6457513110645907,6.5625,2.4744287076032148e-05,3,0.000148397309062129,0.04896937500000001
2100104354,"Dao đa năng Santoku thép Đức liền khối Ice Force Tefal K2320614, 18cm",CW,C,Z,CZ,0.0,0.0,0.0,0.0,0.0,0.0,6.5,6.5,0.9285714285714286,2.456769074559977,2.6457513110645903,6.5,2.450862719911756e-05,7,0.00034626038781163435,0.06318
2100131480,"Chảo nồi có nắp đa năng 3 trong 1 - 24cm, xanh",CW,C,Z,CZ,1.0,0.0,0.0,0.0,0.0,0.0,5.5,6.5,0.9285714285714286,2.0499709637897197,2.2076610379273904,6.5,2.450862719911756e-05,5,0.0002473288484368817,0.32321900000000003
1830008018,Bàn ủi hơi nước Tefal Smart Protect Plus FV6872E0 - 2800W,SDA,C,Z,CZ,0.0,0.0,1.0,0.0,0.0,0.0,5.333333333333334,6.333333333333334,0.9047619047619049,1.98805959477601,2.1973290258050633,6.333333333333334,2.3880200860678647e-05,5,0.0002473288484368817,0.31339000000000006
2100126395,Nồi cán dài/ quánh Tefal Only Cook 18cm,CW,C,Z,CZ,0.0,0.0,0.0,0.0,0.0,0.0,6.25,6.25,0.8928571428571429,2.36227795630767,2.6457513110645903,6.25,2.356598769145919e-05,3,0.000148397309062129,0.252525
2100125863,"Chảo chiên chống dính vân đá cao cấp Tefal Delight G2930202, 20cm",CW,C,Z,CZ,0.0,0.0,0.0,0.0,0.0,0.0,6.166666666666667,6.166666666666667,0.880952380952381,2.3307809168902347,2.6457513110645903,6.166666666666667,2.3251774522239734e-05,3,0.000148397309062129,0.26973
2027437120,"Xẻng chịu nhiệt Tefal Bienvenue 2743712, bản lớn có rãnh",CW,C,Z,CZ,0.0,0.0,0.0,0.0,0.0,0.0,6.0625,6.0625,0.8660714285714286,2.29140961761844,2.6457513110645907,6.0625,2.2859008060715414e-05,3,0.000148397309062129,0.022261500000000004
1830009016,Bàn ủi hơi nước đứng Tefal IT3480E1,SDA,C,Z,CZ,0.0,0.0,0.0,0.0,0.0,0.0,6.0,6.0,0.8571428571428571,2.2677868380553634,2.6457513110645907,6.0,2.2623348183800822e-05,2,9.893153937475267e-05,0.44452800000000003
7115900920,"Chảo xào TRENDY 26 cm, màu carrot",CW,C,Z,CZ,0.0,0.0,0.0,0.0,0.0,0.0,6.0,6.0,0.8571428571428571,2.2677868380553634,2.6457513110645907,6.0,2.2623348183800822e-05,4,0.00019786307874950534,0.216384
7211003301,Bếp điện từ SDHCB11TVN-YL-210,SDA,C,Z,CZ,0.0,0.0,0.0,0.0,0.0,0.0,6.0,6.0,0.8571428571428571,2.2677868380553634,2.6457513110645907,6.0,2.2623348183800822e-05,8,0.0003957261574990107,0.468367872
7211004028,Máy ép chậm Tefal ZC600138,SDA,C,Z,CZ,0.0,0.0,0.0,0.0,0.0,0.0,6.0,6.0,0.8571428571428571,2.2677868380553634,2.6457513110645907,6.0,2.2623348183800822e-05,4,0.00019786307874950534,0.36936
1830009258,Bàn ủi cầm tay Pure POP Home & Travel - DT2040E1,SDA,C,Z,CZ,0.0,0.0,0.0,0.0,0.0,0.0,5.875,5.875,0.8392857142857143,2.2205412789292103,2.6457513110645907,5.875,2.2152028429971638e-05,21,0.001038781163434903,0.25168500000000005
8010001306,Máy xay sinh tố cá nhân Tefal LightMix BL1C0430- Xanh,SDA,C,Z,CZ,0.0,0.0,0.0,0.0,0.0,0.0,5.625,5.625,0.8035714285714286,2.126050160676903,2.6457513110645903,5.625,2.1209388922313273e-05,6,0.000296794618124258,0.20034000000000002
2100132742,Nồi Inox Tefal Optispace cao cấp 24cm,CW,C,Z,CZ,0.0,0.0,0.0,0.0,0.0,0.0,5.5,5.5,0.7857142857142857,2.07880460155075,2.6457513110645907,5.5,2.073806916848409e-05,2,9.893153937475267e-05,0.16632000000000002
7115900875,Chảo chống dính Comfort F06A24-24cm,CW,C,Z,CZ,0.0,0.0,0.0,0.0,0.0,0.0,5.5,5.5,0.7857142857142857,2.07880460155075,2.6457513110645907,5.5,2.073806916848409e-05,4,0.00019786307874950534,0.274428
8010000564,Máy xay sinh tố cá nhân Tefal LightMix BL1C0230 - Vàng,SDA,C,Z,CZ,0.0,0.0,0.0,0.0,0.0,0.0,5.5,5.5,0.7857142857142857,2.07880460155075,2.6457513110645907,5.5,2.073806916848409e-05,2,9.893153937475267e-05,0.23023000000000002
2100121737,Dao làm bếp Tefal Comfort K2213204 - 20cm,CW,C,Z,CZ,0.0,0.0,0.0,0.0,0.0,0.0,5.166666666666667,5.166666666666667,0.7380952380952381,1.9528164438810074,2.6457513110645907,5.166666666666667,1.9481216491606264e-05,8,0.0003957261574990107,0.26691000000000004
1510002021,Nồi chiên không dầu Tefal 3 trong 1 Easy fry Steam & Grill FW201815,SDA,C,Z,CZ,1.0,0.0,0.0,0.0,1.0,0.0,3.0,5.0,0.7142857142857143,1.1126972805283735,1.557776192739723,5.0,1.885279015316735e-05,4,0.00019786307874950534,0.434515
2100110225,Nồi chống dính Tefal Sensations 18cm,CW,C,Z,CZ,0.0,0.0,0.0,0.0,0.0,0.0,5.0,5.0,0.7142857142857143,1.889822365046136,2.6457513110645903,5.0,1.885279015316735e-05,4,0.00019786307874950534,0.212625
2100111898,Chảo chiên sâu lồng Tefal Natura 26cm,CW,C,Z,CZ,0.0,0.0,0.0,0.0,0.0,0.0,5.0,5.0,0.7142857142857143,1.889822365046136,2.6457513110645903,5.0,1.885279015316735e-05,2,9.893153937475267e-05,0.2511
2100122009,"Dao gọt trái cây Tefal Fresh Kitchen K1220604, 9cm",CW,C,Z,CZ,0.0,5.0,0.0,0.0,0.0,0.0,0.0,5.0,0.7142857142857143,1.8898223650461363,2.6457513110645907,5.0,1.885279015316735e-05,1,4.9465769687376336e-05,0.003125833333333335
2100131823,Nồi Inox liền khối Tefal Starter 24cm - E3254695,CW,C,Z,CZ,0.0,0.0,0.0,0.0,0.0,0.0,5.0,5.0,0.7142857142857143,1.889822365046136,2.6457513110645903,5.0,1.885279015316735e-05,2,9.893153937475267e-05,0.1856
2100132678,"Nồi hấp Inox cao cấp 18/10 Tefal Couscous Primary E3089504,24cm",CW,C,Z,CZ,0.0,0.0,0.0,0.0,0.0,1.0,4.0,5.0,0.7142857142857143,1.4960264830861911,2.0944370763206677,5.0,1.885279015316735e-05,3,0.000148397309062129,0.32400000000000007
4200007832,Quạt đứng ASIAvina - D18001-DZ0 - đen,Fan,C,Z,CZ,0.0,0.0,5.0,0.0,0.0,0.0,0.0,5.0,0.7142857142857143,1.889822365046136,2.6457513110645903,5.0,1.885279015316735e-05,1,4.9465769687376336e-05,0.275653125
4200008100,Quạt đứng ASIAVINA Turbo One VY619790 - 55W Xám Cánh Cam,Fan,C,Z,CZ,0.0,0.0,0.0,0.0,0.0,5.0,0.0,5.0,0.7142857142857143,1.889822365046136,2.6457513110645903,5.0,1.885279015316735e-05,3,0.000148397309062129,0.3375
2100111899,Chảo chiên sâu lồng Tefal Natura 28cm,CW,C,Z,CZ,0.0,0.0,0.0,0.0,0.0,0.0,4.5,4.5,0.6428571428571429,1.7008401285415224,2.6457513110645903,4.5,1.6967511137850617e-05,1,4.9465769687376336e-05,0.186624
3100518436,Hộp nhựa vuông Tefal Masterseal Fresh K3022122 - 0.85L - xanh,CW,C,Z,CZ,0.0,0.0,0.0,0.0,0.0,0.0,4.5,4.5,0.6428571428571429,1.7008401285415224,2.6457513110645903,4.5,1.6967511137850617e-05,2,9.893153937475267e-05,0.065205
3110600773,Hộp thủy tinh vuông Tefal Masterseal Glass N1040512 - 450ml - đỏ,CW,C,Z,CZ,0.0,0.0,0.0,0.0,0.0,0.0,4.5,4.5,0.6428571428571429,1.7008401285415224,2.6457513110645903,4.5,1.6967511137850617e-05,1,4.9465769687376336e-05,0.261
7211004935,Máy húi bụi không dây X-force Flex 9.60 TY2039WO - Tím,SDA,C,Z,CZ,0.0,0.0,0.0,0.0,0.0,0.0,4.5,4.5,0.6428571428571429,1.7008401285415224,2.6457513110645903,4.5,1.6967511137850617e-05,4,0.00019786307874950534,0.32256000000000007
2100104348,"Dao thái lát thép Đức liền khối Ice Force Tefal K2320714, 20 cm",CW,C,Z,CZ,0.0,0.0,0.0,0.0,0.0,0.0,4.333333333333333,4.333333333333333,0.619047619047619,1.6378460497066512,2.6457513110645907,4.333333333333333,1.6339084799411705e-05,5,0.0002473288484368817,0.042120000000000005
7115900930,"Chảo đúc vân đá xanh DuraRock 28cm, không dùng cho bếp từ",CW,C,Z,CZ,0.0,0.0,0.0,0.0,0.0,0.0,4.166666666666667,4.166666666666667,0.5952380952380952,1.57485197087178,2.6457513110645907,4.166666666666667,1.5710658460972796e-05,1,4.9465769687376336e-05,0.18000000000000002
1510001937,Nồi hấp thực phẩm Tefal UltraCompact VC204810 - 9L,SDA,C,Z,CZ,0.0,0.0,0.0,0.0,0.0,0.0,4.0,4.0,0.5714285714285714,1.511857892036909,2.6457513110645907,4.0,1.5082232122533882e-05,1,4.9465769687376336e-05,0.1188
1830007763,Bàn ủi hơi nước Tefal SV9201E0,SDA,C,Z,CZ,0.0,0.0,0.0,0.0,0.0,0.0,4.0,4.0,0.5714285714285714,1.511857892036909,2.6457513110645907,4.0,1.5082232122533882e-05,1,4.9465769687376336e-05,0.17748
2100131958,Bộ 2 nồi cán dài & chảo xào Tefal So Matcha - 18-28cm,CW,C,Z,CZ,1.0,0.0,0.0,0.0,0.0,0.0,3.0,4.0,0.5714285714285714,1.1338934190276817,1.984313483298443,4.0,1.5082232122533882e-05,3,0.000148397309062129,0.22656
4200009232,Quạt đứng TEFAL Turbo Essential VH619690 - Trắng,Fan,C,Z,CZ,0.0,1.0,0.0,0.0,0.0,0.0,3.0,4.0,0.5714285714285714,1.1338934190276817,1.984313483298443,4.0,1.5082232122533882e-05,2,9.893153937475267e-05,0.186208
7211419374,Nồi chiên không dầu Tefal EasyFry Silence EY5528E0 - 5L,SDA,C,Z,CZ,0.0,0.0,0.0,0.0,0.0,0.0,4.0,4.0,0.5714285714285714,1.511857892036909,2.6457513110645907,4.0,1.5082232122533882e-05,2,9.893153937475267e-05,0.2816
7115900932,Nồi đúc vân đá xanh DuraRock 20cm dùng cho bếp từ,CW,C,Z,CZ,0.0,0.0,0.0,0.0,0.0,0.0,3.8333333333333335,3.8333333333333335,0.5476190476190477,1.4488638132020375,2.64575131106459,3.8333333333333335,1.4453805784094971e-05,6,0.000296794618124258,0.20976000000000003
2100127801,"Chảo nồi có nắp đa năng 3 trong 1 - 22cm, vanilla (vàng nhạt)",CW,C,Z,CZ,0.0,0.0,0.0,0.0,0.0,0.0,3.75,3.75,0.5357142857142857,1.417366773784602,2.6457513110645907,3.75,1.4139592614875513e-05,1,4.9465769687376336e-05,0.16974000000000003
1830007574,Bàn ủi hơi nước Tefal - FV5717E0,SDA,C,Z,CZ,0.0,0.0,0.0,0.0,0.0,0.0,3.5,3.5,0.5,1.3228756555322954,2.6457513110645907,3.5,1.3196953107217146e-05,2,9.893153937475267e-05,0.1677025
2100110227,Nồi chống dính Tefal Sensations 24cm,CW,C,Z,CZ,0.0,1.0,0.0,0.0,0.0,0.0,2.5,3.5,0.5,0.9574271077563381,1.9148542155126762,3.5,1.3196953107217146e-05,2,9.893153937475267e-05,0.11801700000000001
7211419479,"Máy xay sinh tố Tefal PerfectMix Essential BL77TAT0 - 1200W, cối thủy tinh - màu kem",SDA,C,Z,CZ,0.0,0.0,0.0,0.0,0.0,0.0,3.5,3.5,0.5,1.3228756555322954,2.6457513110645907,3.5,1.3196953107217146e-05,3,0.000148397309062129,0.224
2100104352,"Dao đầu bếp thép Đức liền khối Ice Force Tefal K2320214, 20cm",CW,C,Z,CZ,0.0,0.0,0.0,0.0,0.0,0.0,3.333333333333333,3.333333333333333,0.47619047619047616,1.259881576697424,2.6457513110645907,3.333333333333333,1.2568526768778234e-05,2,9.893153937475267e-05,0.032400000000000005
7115900877,Chảo chống dính Comfort F06A30-30cm,CW,C,Z,CZ,0.0,0.0,0.0,0.0,0.0,0.0,3.142857142857143,3.142857142857143,0.4489795918367347,1.1878883437432854,2.6457513110645903,3.142857142857143,1.1850325239133763e-05,1,4.9465769687376336e-05,0.24376785714285715
2100131479,"Chảo nồi có nắp đa năng 3 trong 1 - 24cm, vanila (vàng nhạt)",CW,C,Z,CZ,0.0,0.0,0.0,0.0,0.0,0.0,3.0,3.0,0.42857142857142855,1.1338934190276817,2.6457513110645907,3.0,1.1311674091900411e-05,2,9.893153937475267e-05,0.179712
8010001050,"Máy xay thực phẩm Tefal 3 trong 1 MB520138 - 300W, 400mL",SDA,C,Z,CZ,0.0,0.0,0.0,0.0,0.0,0.0,3.0,3.0,0.42857142857142855,1.1338934190276817,2.6457513110645907,3.0,1.1311674091900411e-05,3,0.000148397309062129,0.09072000000000001
2100122010,Dao làm bếp phủ Titanium Tefal Fresh Kitchen K1220304 - 15cm,CW,C,Z,CZ,0.0,0.0,0.0,0.0,0.0,0.0,2.833333333333333,2.833333333333333,0.4047619047619047,1.0708993401928104,2.6457513110645907,2.833333333333333,1.0683247753461499e-05,4,0.00019786307874950534,0.0186745
2100115594,Chảo chiên Tefal Unlimited 20cm,CW,C,Z,CZ,0.0,0.0,0.0,0.0,0.0,0.0,2.666666666666667,2.666666666666667,0.380952380952381,1.0079052613579393,2.6457513110645907,2.666666666666667,1.005482141502259e-05,3,0.000148397309062129,0.11664000000000002
7211003692,Máy xay sinh tố Tefal - BL42S166,SDA,C,Z,CZ,0.0,0.0,0.0,0.0,0.0,0.0,2.666666666666667,2.666666666666667,0.380952380952381,1.0079052613579393,2.6457513110645907,2.666666666666667,1.005482141502259e-05,2,9.893153937475267e-05,0.18988800000000003
7115900934,"Chảo cao cấp vân đá trắng Rock Marble 24cm, NIH",CW,C,Z,CZ,0.0,0.0,0.0,0.0,0.0,0.0,2.5,2.5,0.35714285714285715,0.944911182523068,2.6457513110645903,2.5,9.426395076583676e-06,1,4.9465769687376336e-05,0.09112500000000001
7115900953,"Nồi vân đá ROCK ART xanh 26cm, dùng cho bếp từ",CW,C,Z,CZ,0.0,0.0,0.0,0.0,0.0,0.0,2.5,2.5,0.35714285714285715,0.944911182523068,2.6457513110645903,2.5,9.426395076583676e-06,1,4.9465769687376336e-05,0.10998250000000001
7211005278,Nồi cơm điện tử Delirice Max RK7778Y0  - 1.8L,SDA,C,Z,CZ,0.0,0.0,0.0,0.0,0.0,0.0,2.5,2.5,0.35714285714285715,0.944911182523068,2.6457513110645903,2.5,9.426395076583676e-06,1,4.9465769687376336e-05,0.23184
2100119880,"Bộ dao thép Đức 3 món liền khối Ice Force Tefal K2323S74, 20cm/11cm/9cm",CW,C,Z,CZ,0.0,0.0,0.0,0.0,0.0,0.0,2.333333333333333,2.333333333333333,0.3333333333333333,0.8819171036881968,2.6457513110645903,2.333333333333333,8.797968738144763e-06,2,9.893153937475267e-05,0.04312
1830007584,Bàn ủi hơi nước Tefal - FV5737E0,SDA,C,Z,CZ,0.0,0.0,0.0,0.0,0.0,0.0,2.1666666666666665,2.1666666666666665,0.3095238095238095,0.8189230248533256,2.6457513110645907,2.1666666666666665,8.169542399705853e-06,3,0.000148397309062129,0.09539833333333333
1830008955,Bàn ủi hơi nước Tefal FV1054L0,SDA,C,Z,CZ,0.0,0.0,1.0,0.0,1.0,0.0,0.0,2.0,0.2857142857142857,0.48795003647426666,1.7078251276599334,2.0,7.541116061266941e-06,2,9.893153937475267e-05,0.01343
2100121759,Bộ dao Tefal Comfort K221S244 15cm và 12cm,CW,C,Z,CZ,0.0,0.0,0.0,0.0,0.0,0.0,2.0,2.0,0.2857142857142857,0.7559289460184545,2.6457513110645907,2.0,7.541116061266941e-06,1,4.9465769687376336e-05,0.09726599999999999
2100125477,"Bộ dao thép Đức 2 món liền khối Ice Force Tefal K232S224, 13cm/16.5cm",CW,C,Z,CZ,0.0,0.0,0.0,0.0,0.0,0.0,2.0,2.0,0.2857142857142857,0.7559289460184545,2.6457513110645907,2.0,7.541116061266941e-06,4,0.00019786307874950534,0.027864000000000003
7115900931,Nồi đúc vân đá xanh DuraRock 18cm dùng cho bếp từ,CW,C,Z,CZ,0.0,0.0,0.0,0.0,0.0,0.0,2.0,2.0,0.2857142857142857,0.7559289460184545,2.6457513110645907,2.0,7.541116061266941e-06,3,0.000148397309062129,0.12672
7211004120,Máy xay đa năng Tefal Double Force DO821838 - 1000W,SDA,C,Z,CZ,0.0,0.0,0.0,0.0,0.0,0.0,2.0,2.0,0.2857142857142857,0.7559289460184545,2.6457513110645907,2.0,7.541116061266941e-06,1,4.9465769687376336e-05,0.14112
7211004195,"Nồi cơm điện tử Tefal RK808168 - 1.5L, 1200W",SDA,C,Z,CZ,0.0,0.0,0.0,0.0,0.0,0.0,2.0,2.0,0.2857142857142857,0.7559289460184545,2.6457513110645907,2.0,7.541116061266941e-06,1,4.9465769687376336e-05,0.10980000000000001
7211004825,Nồi chiên không dầu Tefal 2in1 Easy Fry & Grill 6.5L  XXL EY801D15,SDA,C,Z,CZ,2.0,0.0,0.0,0.0,0.0,0.0,0.0,2.0,0.2857142857142857,0.7559289460184546,2.645751311064591,2.0,7.541116061266941e-06,2,9.893153937475267e-05,0.18225000000000002
1830008693,Bàn ủi hơi nước cầm tay DT7130E1,SDA,C,Z,CZ,0.0,0.0,0.0,0.0,1.0,0.0,0.8333333333333333,1.8333333333333333,0.2619047619047619,0.4498677054212186,1.7176766934264711,1.8333333333333333,6.912689722828029e-06,4,0.00019786307874950534,0.06772500000000001
7211004307,"Bình đun siêu tốc Tefal KI431D10 - inox - 1800W, 1.2L",SDA,C,Z,CZ,0.0,0.0,0.0,0.0,0.0,0.0,1.6666666666666667,1.6666666666666667,0.2380952380952381,0.629940788348712,2.6457513110645903,1.6666666666666667,6.284263384389118e-06,1,4.9465769687376336e-05,0.04638333333333334
7115900915,"Nồi TRENDY 18 cm, màu carrot",CW,C,Z,CZ,0.0,0.0,0.0,0.0,0.0,0.0,1.6666666666666665,1.6666666666666665,0.23809523809523808,0.629940788348712,2.6457513110645907,1.6666666666666665,6.284263384389117e-06,3,0.000148397309062129,0.07667
2100110229,Chảo chiên Tefal Sensations 24 cm,CW,C,Z,CZ,0.0,0.0,0.0,0.0,0.0,0.0,1.5,1.5,0.21428571428571427,0.5669467095138409,2.6457513110645907,1.5,5.6558370459502055e-06,2,9.893153937475267e-05,0.039732
2100110589,"Bộ dao thép Đức 5 món và kệ dao gỗ Tefal Ice Force K232S574, 20cm/20cm/18cm/11cm/9cm",CW,C,Z,CZ,0.0,0.0,0.0,0.0,0.0,0.0,1.5,1.5,0.21428571428571427,0.5669467095138409,2.6457513110645907,1.5,5.6558370459502055e-06,2,9.893153937475267e-05,0.08901
2100125396,"Bộ 5 nồi chảo cán rời Tefal Ingenio Preference L9749202, 16/20/24/24/28, 2 cán rời",CW,C,Z,CZ,0.0,0.0,0.0,0.0,0.0,0.0,1.5,1.5,0.21428571428571427,0.5669467095138409,2.6457513110645907,1.5,5.6558370459502055e-06,1,4.9465769687376336e-05,0.11025000000000001
2100130060,Nồi Inox chống dính công thái học 16cm - G7371795,CW,C,Z,CZ,0.0,0.0,0.0,0.0,0.0,0.0,1.5,1.5,0.21428571428571427,0.5669467095138409,2.6457513110645907,1.5,5.6558370459502055e-06,1,4.9465769687376336e-05,0.061869690000000005
1830008904,Bàn ủi hơi nước cao cấp TEFAL Ultimate Power Pro FV9E50E0,CW,C,Z,CZ,0.0,0.0,0.0,0.0,0.0,0.0,1.3333333333333333,1.3333333333333333,0.19047619047619047,0.5039526306789697,2.6457513110645907,1.3333333333333333,5.027410707511294e-06,2,9.893153937475267e-05,0.05385600000000001
2100121738,"Dao làm bếp Tefal Comfort K2213904, 12cm",CW,C,Z,CZ,0.0,0.0,0.0,0.0,0.0,1.0,0.2708333333333333,1.2708333333333333,0.18154761904761904,0.374751902056865,2.064207198214863,1.2708333333333333,4.791750830596702e-06,2,9.893153937475267e-05,0.01535625
2100110230,Chảo chiên Tefal Sensations 26 cm,CW,C,Z,CZ,0.0,0.0,0.0,0.0,0.0,0.0,1.25,1.25,0.17857142857142858,0.472455591261534,2.6457513110645903,1.25,4.713197538291838e-06,1,4.9465769687376336e-05,0.0388125
2100121741,Dao thái thịt Tefal Comfort K2213744 - 20cm,CW,C,Z,CZ,0.0,0.0,0.0,0.0,1.0,0.0,0.1388888888888889,1.1388888888888888,0.1626984126984127,0.37282585501247745,2.2915150112962026,1.1388888888888888,4.29424664599923e-06,3,0.000148397309062129,0.008801333333333335
2100124408,Cây đánh trứng nhựa cầm tay Tefal Bienvenue 27455120,CW,C,Z,CZ,0.0,0.0,0.0,0.0,0.0,0.0,1.1,1.1,0.15714285714285717,0.41576092031015,2.6457513110645903,1.1,4.147613833696818e-06,2,9.893153937475267e-05,0.008712
2100121739,"Dao làm bếp Santoku Tefal Comfort K2213604, 12cm",CW,C,Z,CZ,0.0,0.0,0.0,0.0,0.0,0.0,1.0416666666666665,1.0416666666666665,0.14880952380952378,0.393712992717945,2.645751311064591,1.0416666666666665,3.927664615243198e-06,2,9.893153937475267e-05,0.06098750000000001
1830008984,Bàn ủi hơi nước cầm tay DT1020E1,SDA,C,Z,CZ,0.0,0.0,0.0,0.0,0.0,0.0,1.0,1.0,0.14285714285714285,0.37796447300922725,2.6457513110645907,1.0,3.7705580306334705e-06,1,4.9465769687376336e-05,0.042120000000000005
1830009469,Máy lọc không khí Tefal air-pure compact,SDA,C,Z,CZ,0.0,0.0,0.0,0.0,0.0,0.0,1.0,1.0,0.14285714285714285,0.37796447300922725,2.6457513110645907,1.0,3.7705580306334705e-06,1,4.9465769687376336e-05,0.026364000000000002
2100126397,Chảo chiên sâu lòng Tefal Only Cook 28cm,CW,C,Z,CZ,0.0,1.0,0.0,0.0,0.0,0.0,0.0,1.0,0.14285714285714285,0.3779644730092273,2.645751311064591,1.0,3.7705580306334705e-06,1,4.9465769687376336e-05,0.020196
2100136645,"Nồi đúc cao cấp tráng men Tefal Air E2714624, 24cm, màu xám",CW,C,Z,CZ,0.0,0.0,0.0,0.0,0.0,0.0,1.0,1.0,0.14285714285714285,0.37796447300922725,2.6457513110645907,1.0,3.7705580306334705e-06,1,4.9465769687376336e-05,0.031104000000000003
2100137895,"Nồi cán dài chống dính Tefal Flavor Force E2772274, 16cm",CW,C,Z,CZ,0.0,0.0,0.0,0.0,0.0,0.0,1.0,1.0,0.14285714285714285,0.37796447300922725,2.6457513110645907,1.0,3.7705580306334705e-06,2,9.893153937475267e-05,0.02331
2211401176,Máy hút bụi & lau sàn không dây X-Combo GF3039KO,SDA,C,Z,CZ,1.0,0.0,0.0,0.0,0.0,0.0,0.0,1.0,0.14285714285714285,0.3779644730092273,2.645751311064591,1.0,3.7705580306334705e-06,1,4.9465769687376336e-05,0.03726
2211401354,Máy hút bụi lau sàn không dây Tefal GF5035F0,SDA,C,Z,CZ,0.0,1.0,0.0,0.0,0.0,0.0,0.0,1.0,0.14285714285714285,0.3779644730092273,2.645751311064591,1.0,3.7705580306334705e-06,1,4.9465769687376336e-05,0.0798
3110600774,Hộp thủy tinh vuông Tefal Masterseal Glass N1040612 - 700ml - đỏ,CW,C,Z,CZ,0.0,0.0,0.0,1.0,0.0,0.0,0.0,1.0,0.14285714285714285,0.37796447300922725,2.6457513110645907,1.0,3.7705580306334705e-06,1,4.9465769687376336e-05,3.61675e-06
4200000013,Quạt lửng ASIAvina - A16007-EV0 - Thiên thanh,Fan,C,Z,CZ,0.0,0.0,1.0,0.0,0.0,0.0,0.0,1.0,0.14285714285714285,0.3779644730092273,2.645751311064591,1.0,3.7705580306334705e-06,1,4.9465769687376336e-05,0.051888
4200000016,Quạt lửng ASIAvina - A16007-XV0 - xám,Fan,C,Z,CZ,0.0,0.0,1.0,0.0,0.0,0.0,0.0,1.0,0.14285714285714285,0.3779644730092273,2.645751311064591,1.0,3.7705580306334705e-06,1,4.9465769687376336e-05,0.051888
4200000223,Quạt bàn Tefal - VF3617O1 - Nâu,Fan,C,Z,CZ,0.0,0.0,1.0,0.0,0.0,0.0,0.0,1.0,0.14285714285714285,0.3779644730092273,2.645751311064591,1.0,3.7705580306334705e-06,1,4.9465769687376336e-05,0.046322
4200005352,Quạt lửng ASIAvina - A16018-BV0 - xanh lam,Fan,C,Z,CZ,0.0,0.0,1.0,0.0,0.0,0.0,0.0,1.0,0.14285714285714285,0.3779644730092273,2.645751311064591,1.0,3.7705580306334705e-06,1,4.9465769687376336e-05,0.0346625
4200008241,Quạt đứng Tefal - VH442790 - Xám,Fan,C,Z,CZ,0.0,0.0,1.0,0.0,0.0,0.0,0.0,1.0,0.14285714285714285,0.3779644730092273,2.645751311064591,1.0,3.7705580306334705e-06,1,4.9465769687376336e-05,0.056511
7114000638,"Nồi áp suất Inox cao cấp Tefal Secure Trendy có khay hấp, 6L",SDA,C,Z,CZ,0.0,1.0,0.0,0.0,0.0,0.0,0.0,1.0,0.14285714285714285,0.3779644730092273,2.645751311064591,1.0,3.7705580306334705e-06,1,4.9465769687376336e-05,0.03657
7115900320,Chảo chống dính Comfort F06A22-22cm,CW,C,Z,CZ,0.0,0.0,0.0,0.0,0.0,0.0,1.0,1.0,0.14285714285714285,0.37796447300922725,2.6457513110645907,1.0,3.7705580306334705e-06,1,4.9465769687376336e-05,0.042021
7211003278,Nồi cơm điện - CFXB50YB19VN-GR-50,SDA,C,Z,CZ,0.0,0.0,0.0,1.0,0.0,0.0,0.0,1.0,0.14285714285714285,0.37796447300922725,2.6457513110645907,1.0,3.7705580306334705e-06,1,4.9465769687376336e-05,0.03259008
7211004496,"Nồi áp suất Tefal Smart Pro IH Multicooker CY638868 - 1300W, 5L",SDA,C,Z,CZ,0.0,0.0,0.0,0.0,0.0,0.0,1.0,1.0,0.14285714285714285,0.37796447300922725,2.6457513110645907,1.0,3.7705580306334705e-06,1,4.9465769687376336e-05,0.07829775
7211005118,Bàn ủi đứng kết hợp móc treo 2 trong 1 Tefal IT3274E1,SDA,C,Z,CZ,0.0,0.0,0.0,0.0,0.0,0.0,1.0,1.0,0.14285714285714285,0.37796447300922725,2.6457513110645907,1.0,3.7705580306334705e-06,1,4.9465769687376336e-05,0.060236000000000005
1830008199,Bàn ủi hơi nước Tefal FV2867E0,SDA,C,Z,CZ,0.0,0.0,0.0,0.0,0.0,0.0,0.9999999999999999,0.9999999999999999,0.14285714285714285,0.3779644730092272,2.6457513110645907,0.9999999999999999,3.77055803063347e-06,5,0.0002473288484368817,0.059849999999999993
1830009340,Bàn ủi hơi nước cầm tay Tefal Origin Travel DT1024K0,SDA,C,Z,CZ,0.0,0.0,0.0,0.0,0.0,0.0,0.8333333333333334,0.8333333333333334,0.11904761904761905,0.314970394174356,2.6457513110645903,0.8333333333333334,3.142131692194559e-06,1,4.9465769687376336e-05,0.034425
7115900933,Nồi đúc vân đá xanh DuraRock 24cm dùng cho bếp từ,CW,C,Z,CZ,0.0,0.0,0.0,0.0,0.0,0.0,0.75,0.75,0.10714285714285714,0.2834733547569204,2.6457513110645907,0.75,2.8279185229751028e-06,1,4.9465769687376336e-05,0.0441
2100112228,Chảo chiên Tefal Cook Healthy 24cm,CW,C,Z,CZ,0.0,0.0,0.0,0.0,0.0,0.0,0.6666666666666666,0.6666666666666666,0.09523809523809523,0.25197631533948484,2.6457513110645907,0.6666666666666666,2.513705353755647e-06,1,4.9465769687376336e-05,0.023333333333333334
2100125859,"Chảo chiên chống dính vân đá cao cấp Tefal Delight G2930402, 24cm",CW,C,Z,CZ,0.0,0.0,0.0,0.0,0.0,0.0,0.6666666666666666,0.6666666666666666,0.09523809523809523,0.25197631533948484,2.6457513110645907,0.6666666666666666,2.513705353755647e-06,1,4.9465769687376336e-05,0.038880000000000005
7115900323,Chảo chống dính Comfort F06A28-28cm,CW,C,Z,CZ,0.0,0.0,0.0,0.0,0.0,0.0,0.6428571428571429,0.6428571428571429,0.09183673469387756,0.24297716122021754,2.6457513110645907,0.6428571428571429,2.4239301625500883e-06,1,4.9465769687376336e-05,0.040145625000000004
2100131820,"Quánh Inox liền khối có nắp Tefal Starter E3252295, 16cm",CW,C,Z,CZ,0.0,0.0,0.0,0.0,0.0,0.0,0.5,0.5,0.07142857142857142,0.18898223650461363,2.6457513110645907,0.5,1.8852790153167352e-06,1,4.9465769687376336e-05,0.0124775
7212000240,Ấm điện/SWF17S18AVN/VN/,SDA,C,Z,CZ,0.0,0.0,0.0,0.0,0.0,0.0,0.5,0.5,0.07142857142857142,0.18898223650461363,2.6457513110645907,0.5,1.8852790153167352e-06,2,9.893153937475267e-05,0.03943275
2100091939,Dụng cụ mài dao bằng thép không gỉ Tefal Fresh Kitchen K2090514,CW,C,Z,CZ,0.0,0.0,0.0,0.0,0.0,0.0,0.3333333333333333,0.3333333333333333,0.047619047619047616,0.12598815766974242,2.6457513110645907,0.3333333333333333,1.2568526768778235e-06,2,9.893153937475267e-05,0.004131
2100127489,Bộ nồi chảo cán rời 3 món Ingenio Daily Chef L3989622,CW,C,Z,CZ,0.0,0.0,0.0,0.0,0.0,0.0,0.25,0.25,0.03571428571428571,0.09449111825230681,2.6457513110645907,0.25,9.426395076583676e-07,1,4.9465769687376336e-05,0.0123525
2100104350,"Dao gọt trái cây Tefal Ice Force K2320514, 9cm",CW,C,Z,CZ,0.0,0.0,0.0,0.0,0.0,0.0,0.16666666666666666,0.16666666666666666,0.023809523809523808,0.06299407883487121,2.6457513110645907,0.16666666666666666,6.284263384389117e-07,1,4.9465769687376336e-05,0.00102
1830008850,Bàn ủi hơi nước cầm tay Pure Pop Tefal DT2024E1,SDA,C,Z,CZ,0.0,0.0,0.0,0.0,0.0,0.0,0.125,0.125,0.017857142857142856,0.04724555912615341,2.6457513110645907,0.125,4.713197538291838e-07,1,4.9465769687376336e-05,0.00490875
1830009282,Bàn ủi hơi nước  Tefal Virtuo Xám - FV2C51E1,SDA,C,Z,CZ,0.0,0.0,0.0,0.0,0.0,0.0,0.125,0.125,0.017857142857142856,0.04724555912615341,2.6457513110645907,0.125,4.713197538291838e-07,1,4.9465769687376336e-05,0.0065520000000000005
3100518438,Hộp nhựa vuông Tefal Masterseal Fresh K3021822 - 0.8L - xanh,CW,C,Z,CZ,0.0,0.0,0.0,0.0,0.0,0.0,0.125,0.125,0.017857142857142856,0.04724555912615341,2.6457513110645907,0.125,4.713197538291838e-07,1,4.9465769687376336e-05,0.0025882500000000003
