sku_code,carton,loose,pallet,total_orders,pallet_share,carton_share,loose_share,avg_qty_per_order,baseline_pick_time_sec,pcs_per_carton,pcs_per_pallet,cbm_incl_flap_m3,pcs_weight_kg,carton_weight_kg,ergonomic_penalty,abc_quantity,xyz_frequency,order_frequency,quantity,size_score_norm
1510001871,0,2,0,2,0.0,0.0,1.0,1.0,6.0,6,96,0.016461,1.9,11.4,0,C,Z,2,2.0,1.2678277445628627
1510001937,1,0,0,1,0.0,1.0,0.0,4.0,12.0,1,72,0.0297,3.0,3.0,0,C,Z,1,4.0,2.2874967507148427
1510001949,3,19,0,22,0.0,0.13636363636363635,0.8636363636363636,1.375,6.818181818181818,4,192,0.008569,1.25,5.0,0,C,Z,22,30.25,0.6599851736321712
1510001954,0,1,0,1,0.0,0.0,1.0,1.0,6.0,4,144,0.01,1.55,6.2,0,C,Z,1,1.0,0.7702009261666137
1510001964,21,0,0,21,0.0,1.0,0.0,2.9047619047619047,12.0,1,24,0.069966,9.8,9.8,2,C,Z,21,61.0,5.3887878000173295
1510002021,6,0,0,6,0.0,1.0,0.0,1.1666666666666667,12.0,1,16,0.08690300000000001,9.8,9.8,2,C,Z,6,7.0,6.693277108665724
1510002069,3,0,0,3,0.0,1.0,0.0,1.3333333333333333,12.0,1,32,0.05544,5.9,5.9,1,C,Z,3,4.0,4.269993934667706
1510002075,1,0,0,1,0.0,1.0,0.0,1.0,12.0,1,32,0.05576,6.8,6.8,1,C,Z,1,1.0,4.294640364305038
1510002076,1,0,0,1,0.0,1.0,0.0,1.0,12.0,1,32,0.05576,6.8,6.8,1,C,Z,1,1.0,4.294640364305038
1510002077,11,0,0,11,0.0,1.0,0.0,2.1818181818181817,12.0,1,32,0.05544,7.0,7.0,1,C,Z,11,24.0,4.269993934667706
1510002236,0,6,0,6,0.0,0.0,1.0,1.0,6.0,4,192,0.008569,1.25,5.0,0,C,Z,6,6.0,0.6599851736321712
1510002423,1,0,0,1,0.0,1.0,0.0,2.0,12.0,1,20,0.083398,11.0,11.0,2,C,Z,1,2.0,6.423321684044325
1510002613,18,0,0,18,0.0,1.0,0.0,2.611111111111111,12.0,1,24,0.062974,8.0,8.0,1,C,Z,18,47.0,4.8502633124416334
1510002673,4,0,1,5,0.2,0.8,0.0,10.2,33.6,1,24,0.064676,8.0,8.0,1,C,Z,5,51.0,4.98135151007519
1510002688,5,0,0,5,0.0,1.0,0.0,2.8,12.0,1,16,0.08690300000000001,9.8,9.8,2,C,Z,5,14.0,6.693277108665724
1830004028,1,0,0,1,0.0,1.0,0.0,1.0,12.0,1,,0.03534,7.21,7.21,1,C,Z,1,1.0,2.721890073072813
1830006980,3,0,0,3,0.0,1.0,0.0,7.666666666666667,12.0,1,16,0.079464,7.1,7.1,1,C,Z,3,23.0,6.12032463969038
1830007520,13,0,5,18,0.2777777777777778,0.7222222222222222,0.0,12.722222222222221,42.0,1,12,0.10856,13.0,13.0,2,C,Z,18,229.0,8.361301254464758
1830007574,0,2,0,2,0.0,0.0,1.0,1.75,6.0,6,144,0.007985833333333334,1.666666666666667,10.0,0,C,Z,2,3.5,0.615069622954555
1830007584,0,4,0,4,0.0,0.0,1.0,0.7916666666666666,6.0,6,144,0.007338333333333333,1.666666666666667,10.0,0,C,Z,4,3.1666666666666665,0.5651991129852667
1830007629,49,0,0,49,0.0,1.0,0.0,2.2244897959183674,12.0,1,24,0.06688000000000001,6.0,6.0,1,C,Y,49,109.0,5.151103794202313
1830007745,1,27,0,28,0.0,0.03571428571428571,0.9642857142857143,1.0595238095238095,6.214285714285714,6,144,0.010621,1.666666666666667,10.0,0,C,Y,28,29.666666666666664,0.8180304036815604
1830007750,0,10,0,10,0.0,0.0,1.0,1.2,6.0,8,128,0.00847,1.573,12.58,0,C,Z,10,12.0,0.6523601844631218
1830007763,1,0,0,1,0.0,1.0,0.0,4.0,12.0,1,32,0.04437,5.0,5.0,1,C,Z,1,4.0,3.417381509401265
1830007932,148,0,4,152,0.02631578947368421,0.9736842105263158,0.0,4.907894736842105,14.842105263157894,1,12,0.132225,13.0,13.0,2,C,X,152,746.0,10.18398174623805
1830008018,0,8,0,8,0.0,0.0,1.0,1.1666666666666667,6.0,6,144,0.009496666666666667,1.7,10.2,0,C,Z,8,9.333333333333334,0.7314341462162275
1830008176,323,0,9,332,0.02710843373493976,0.9728915662650602,0.0,2.5240963855421685,14.927710843373493,1,12,0.117312525,16.0,16.0,2,B,X,332,838.0,2.7582179300291547
1830008199,0,5,0,5,0.0,0.0,1.0,0.19999999999999998,6.0,6,144,0.009975,1.666667,10.000002,0,C,Z,5,0.9999999999999999,0.7682754238511971
1830008265,1,0,0,1,0.0,1.0,0.0,10.0,12.0,1,32,0.04968,5.0,5.0,1,C,Z,1,10.0,3.826358201195737
1830008321,5,52,0,57,0.0,0.08771929824561403,0.9122807017543859,1.564327485380117,6.526315789473683,6,240,0.007809375,1.7,10.2,0,C,Y,57,89.16666666666667,0.6014787857782399
1830008419,0,1,0,1,0.0,0.0,1.0,1.0,6.0,6,96,0.0138,2.166666666666667,13.0,0,C,Z,1,1.0,1.062877278109927
1830008693,0,5,0,5,0.0,0.0,1.0,0.5666666666666667,6.0,6,96,0.0112875,1.833333333333333,11.0,0,C,Z,5,2.8333333333333335,0.8693642954105653
1830008849,2,3,0,5,0.0,0.4,0.6,4.25,8.4,8,288,0.00490875,1.25,10.0,0,C,Z,5,21.25,0.3780723796320365
1830008850,0,3,0,3,0.0,0.0,1.0,0.7083333333333334,6.0,8,288,0.00490875,1.25,10.0,0,C,Z,3,2.125,0.3780723796320365
1830008851,1,3,0,4,0.0,0.25,0.75,2.53125,7.5,8,288,0.00490875,1.25,10.0,0,C,Z,4,10.125,0.3780723796320365
1830008852,0,11,0,11,0.0,0.0,1.0,0.9659090909090909,6.0,8,288,0.00490875,1.25,10.0,0,C,Z,11,10.625,0.3780723796320365
1830008904,0,2,0,2,0.0,0.0,1.0,0.6666666666666666,6.0,3,120,0.013464,2.666666666666667,8.0,0,C,Z,2,1.3333333333333333,1.0369985269907287
1830008955,0,4,0,4,0.0,0.0,1.0,1.0,6.0,6,300,0.006715,1.1,6.6,0,C,Z,4,4.0,0.5171899219208811
1830008982,1,122,0,123,0.0,0.008130081300813009,0.991869918699187,0.7181571815718156,6.048780487804878,6,216,0.006885,1.333333333333333,8.0,0,C,X,123,88.33333333333333,0.5302833376657135
1830008984,0,1,0,1,0.0,0.0,1.0,1.0,6.0,6,180,0.007020000000000001,1.5,9.0,0,C,Z,1,1.0,0.5406810501689628
1830009015,198,0,0,198,0.0,1.0,0.0,1.5454545454545454,12.0,1,16,0.074088,8.0,8.0,1,C,X,198,306.0,5.706264621783208
1830009016,2,0,0,2,0.0,1.0,0.0,3.0,12.0,1,16,0.074088,8.0,8.0,1,C,Z,2,6.0,5.706264621783208
1830009179,14,11,3,28,0.10714285714285714,0.5,0.39285714285714285,90.32142857142857,21.21428571428571,6,300,0.0054665,1.0,6.0,0,A,Y,28,2529.0,0.10764217076244485
1830009180,0,4,0,4,0.0,0.0,1.0,3.541666666666667,6.0,6,300,0.00100625,,,1,C,Z,4,14.166666666666668,0.0775014681955155
1830009219,6,57,0,63,0.0,0.09523809523809523,0.9047619047619048,1.8571428571428572,6.571428571428571,6,108,0.0171,2.5,15.0,0,C,Y,63,117.0,1.3170435837449095
1830009220,1,9,0,10,0.0,0.1,0.9,2.216666666666667,6.6000000000000005,6,84,0.019968,2.5,15.0,0,C,Z,10,22.166666666666668,1.5379372093694943
1830009258,0,23,0,23,0.0,0.0,1.0,0.3423913043478261,6.0,8,288,0.005355,1.573,11.0,0,C,Z,23,7.875,0.41244259596222166
1830009279,0,17,0,17,0.0,0.0,1.0,0.9509803921568628,6.0,6,210,0.008714666666666667,,,1,C,Z,17,16.166666666666668,0.6712044337899984
1830009281,15,94,0,109,0.0,0.13761467889908258,0.8623853211009175,2.319571865443425,6.825688073394495,6,210,0.008714666666666667,1.5,9.0,0,C,X,109,252.83333333333334,0.6712044337899984
1830009282,0,1,0,1,0.0,0.0,1.0,0.125,6.0,8,280,0.006552000000000001,0.6,4.8,0,C,Z,1,0.125,0.5046356468243653
1830009340,0,1,0,1,0.0,0.0,1.0,0.8333333333333334,6.0,6,216,0.006885,0.01568627450980392,8.0,0,C,Z,1,0.8333333333333334,0.5302833376657135
1830009469,1,0,0,1,0.0,1.0,0.0,1.0,12.0,1,48,0.026364,3.0,3.0,0,C,Z,1,1.0,2.03055772174566
1830009516,22,0,1,23,0.043478260869565216,0.9565217391304348,0.0,3.130434782608696,16.695652173913047,1,12,0.162,19.0,19.0,2,C,Z,23,72.0,12.477255003899142
2027437120,0,3,0,3,0.0,0.0,1.0,2.0208333333333335,6.0,32,,0.00011475,0.03125,1.0,0,C,Z,3,6.0625,0.008838055627761892
2027451120,0,23,0,23,0.0,0.0,1.0,1.75,6.0,32,,0.00011475,0.03125,1.0,0,C,Z,23,40.25,0.008838055627761892
2027453120,0,1,0,1,0.0,0.0,1.0,1.0,6.0,10,,0.000792,0.1,1.0,0,C,Z,1,1.0,0.0609999133523958
2100088986,0,1,0,1,0.0,0.0,1.0,1.0,6.0,4,252,0.006839625,1.41,5.64,0,C,Z,1,1.0,0.5267885509632325
2100089647,0,1,0,1,0.0,0.0,1.0,1.0,6.0,10,,0.003168,0.6,6.0,0,C,Z,1,1.0,0.2439996534095832
2100091939,0,2,0,2,0.0,0.0,1.0,0.16666666666666666,6.0,6,378,0.0020655,0.3333333333333333,2.0,0,C,Z,2,0.3333333333333333,0.15908500129971406
2100102197,0,3,0,3,0.0,0.0,1.0,2.1875,6.0,32,,0.0002331875,0.03125,1.0,0,C,Z,3,6.5625,0.017960122847047722
2100102198,0,5,0,5,0.0,0.0,1.0,3.4799999999999995,6.0,10,,0.001066,0.1,1.0,0,C,Z,5,17.4,0.08210341872936103
2100102204,0,2,0,2,0.0,0.0,1.0,1.0,6.0,10,,0.0007980000000000001,,,1,C,Z,2,2.0,0.06146203390809578
2100104348,0,5,0,5,0.0,0.0,1.0,0.8666666666666668,6.0,6,,0.00162,0.3333333333333333,2.0,0,C,Z,5,4.333333333333333,0.12477255003899142
2100104350,0,1,0,1,0.0,0.0,1.0,0.16666666666666666,6.0,6,,0.00102,0.2,1.2,0,C,Z,1,0.16666666666666666,0.0785604944689946
2100104352,0,2,0,2,0.0,0.0,1.0,1.6666666666666665,6.0,6,,0.00162,0.3333333333333333,2.0,0,C,Z,2,3.333333333333333,0.12477255003899142
2100104354,0,7,0,7,0.0,0.0,1.0,0.9285714285714286,6.0,6,,0.00162,0.3333333333333333,2.0,0,C,Z,7,6.5,0.12477255003899142
2100107627,0,1,0,1,0.0,0.0,1.0,1.0,6.0,10,700,0.002184,0.2,2.0,0,C,Z,1,1.0,0.16821188227478845
2100110225,0,7,0,7,0.0,0.0,1.0,1.1428571428571428,6.0,4,144,0.01063125,1.375,5.5,0,C,Z,7,8.0,0.8188198596308812
2100110226,0,4,0,4,0.0,0.0,1.0,1.0,6.0,4,96,0.01288575,1.55,6.2,0,C,Z,4,4.0,0.9924616584351442
2100110227,1,7,0,8,0.0,0.125,0.875,1.1875,6.75,2,80,0.0196695,2.0,4.0,0,C,Z,8,9.5,1.5149467117234208
2100110228,1,1,0,2,0.0,0.5,0.5,9.5,9.0,3,105,0.01413333333333333,1.8,5.4,0,C,Z,2,19.0,1.0885506423154805
2100110229,0,3,0,3,0.0,0.0,1.0,0.8333333333333334,6.0,4,252,0.006622,1.0,4.0,0,C,Z,3,2.5,0.5100270533075316
2100110230,0,2,0,2,0.0,0.0,1.0,1.625,6.0,4,196,0.0077625,1.0,4.0,0,C,Z,2,3.25,0.5978684689368339
2100110231,1,0,0,1,0.0,1.0,0.0,6.0,12.0,4,196,0.008832000000000001,1.0,4.0,0,C,Z,1,6.0,0.6802414579903533
2100110589,0,2,0,2,0.0,0.0,1.0,0.75,6.0,4,84,0.014835,3.0,12.0,0,C,Z,2,1.5,1.1425930739681713
2100111897,1,4,0,5,0.0,0.2,0.8,4.633333333333334,7.200000000000001,6,270,0.00777,1.0,6.0,0,C,Z,5,23.166666666666668,0.5984461196314589
2100111898,0,2,0,2,0.0,0.0,1.0,2.5,6.0,6,210,0.00837,0.9166666666666666,5.5,0,C,Z,2,5.0,0.6446581752014557
2100111899,1,0,0,1,0.0,1.0,0.0,4.5,12.0,4,168,0.010368,1.075,4.3,0,C,Z,1,4.5,0.7985443202495451
2100111903,0,35,0,35,0.0,0.0,1.0,1.2523809523809524,6.0,6,540,0.003765,0.5,3.0,0,C,Y,35,43.833333333333336,0.28998064870173007
2100111904,0,14,0,14,0.0,0.0,1.0,1.2261904761904763,6.0,6,420,0.004851,0.6666666666666666,4.0,0,C,Z,14,17.166666666666668,0.3736244692834243
2100111905,0,19,0,19,0.0,0.0,1.0,1.2719298245614035,6.0,6,252,0.00667,0.8333333333333334,5.0,0,C,Z,19,24.166666666666668,0.5137240177531313
2100112224,0,17,0,17,0.0,0.0,1.0,1.0,6.0,6,168,0.00874,,,1,C,Z,17,17.0,0.6731556094696203
2100112225,0,23,0,23,0.0,0.0,1.0,1.0942028985507246,6.0,6,210,0.008499166666666667,1.233333333333333,7.4,0,C,Z,23,25.166666666666668,0.6546066038311078
2100112226,5,25,0,30,0.0,0.16666666666666666,0.8333333333333334,1.95,7.0,4,168,0.011662,1.4,5.6,0,C,Y,30,58.5,0.8982083200955049
2100112228,0,1,0,1,0.0,0.0,1.0,0.6666666666666666,6.0,6,240,0.005833333333333334,1.0,6.0,0,C,Z,1,0.6666666666666666,0.44928387359719135
2100112229,8,37,0,45,0.0,0.17777777777777778,0.8222222222222222,3.6296296296296293,7.066666666666666,6,210,0.009163000000000001,1.0,6.0,0,C,Y,45,163.33333333333331,0.7057351086464682
2100112230,1,22,0,23,0.0,0.043478260869565216,0.9565217391304348,1.423913043478261,6.260869565217392,4,144,0.0114075,1.5,6.0,0,C,Z,23,32.75,0.8786067065245645
2100112231,4,7,0,11,0.0,0.36363636363636365,0.6363636363636364,1.8636363636363635,8.181818181818182,2,100,0.01731375,1.0,2.0,0,C,Z,11,20.5,1.3335066285417208
2100112281,1,2,0,3,0.0,0.3333333333333333,0.6666666666666666,2.4166666666666665,8.0,4,224,0.004669,0.868,3.472,0,C,Z,3,7.25,0.35960681242719195
2100112288,1,49,0,50,0.0,0.02,0.98,2.3866666666666667,6.12,6,180,0.009720000000000001,1.377,8.262,0,C,Y,50,119.33333333333333,0.7486353002339486
2100112289,5,38,0,43,0.0,0.11627906976744186,0.8837209302325582,3.2751937984496124,6.6976744186046515,6,180,0.00729,1.046833333333333,6.281,0,C,Y,43,140.83333333333334,0.5614764751754614
2100112290,2,1,0,3,0.0,0.6666666666666666,0.3333333333333333,18.11111111111111,10.0,6,180,0.009720000000000001,1.402,8.412,0,C,Z,3,54.333333333333336,0.7486353002339486
2100112291,2,80,0,82,0.0,0.024390243902439025,0.975609756097561,2.3495934959349594,6.146341463414634,6,180,0.009720000000000001,1.402,8.412,0,C,Y,82,192.66666666666666,0.7486353002339486
2100112292,2,12,0,14,0.0,0.14285714285714285,0.8571428571428571,2.8214285714285716,6.857142857142857,6,180,0.009720000000000001,1.535,9.21,0,C,Z,14,39.5,0.7486353002339486
2100113152,0,2,0,2,0.0,0.0,1.0,1.0,6.0,2,90,0.018792,3.0,6.0,0,C,Z,2,2.0,1.4473615804523003
2100113153,0,1,0,1,0.0,0.0,1.0,1.0,6.0,4,168,0.010752,1.8,7.2,0,C,Z,1,1.0,0.828120035814343
2100113162,2,0,0,2,0.0,1.0,0.0,1.0,12.0,1,48,0.036176,6.0,6.0,1,C,Z,2,2.0,2.786278870500342
2100113186,3,0,0,3,0.0,1.0,0.0,4.0,12.0,2,80,0.0221375,3.0,6.0,0,C,Z,3,12.0,1.7050323003013412
2100113187,3,2,0,5,0.0,0.6,0.4,2.2,9.6,2,54,0.03059,4.0,8.0,1,C,Z,5,11.0,2.356044633143671
2100114151,0,2,0,2,0.0,0.0,1.0,1.0,6.0,4,96,0.0145125,1.575,6.3,0,C,Z,2,2.0,1.117754094099298
2100114152,1,2,0,3,0.0,0.3333333333333333,0.6666666666666666,2.3333333333333335,8.0,4,120,0.014364,1.75,7.0,0,C,Z,3,7.0,1.1063166103457238
2100114153,0,1,0,1,0.0,0.0,1.0,1.0,6.0,2,80,0.021318,2.3,4.6,0,C,Z,1,1.0,1.641914334401987
2100114761,0,3,0,3,0.0,0.0,1.0,1.3333333333333333,6.0,4,280,0.00532,0.75,3.0,0,C,Z,3,4.0,0.40974689272063847
2100115594,0,4,0,4,0.0,0.0,1.0,0.9166666666666667,6.0,6,180,0.00729,0.7218333333333334,4.331,0,C,Z,4,3.666666666666667,0.5614764751754614
2100116143,0,3,0,3,0.0,0.0,1.0,1.0,6.0,2,60,0.019278,3.095,6.19,1,C,Z,3,3.0,1.4847933454639979
2100118139,0,10,0,10,0.0,0.0,1.0,1.2,6.0,6,180,0.009720000000000001,1.3135,7.881,0,C,Z,10,12.0,0.7486353002339486
2100118202,0,1,0,1,0.0,0.0,1.0,1.0,6.0,6,216,0.006156000000000001,0.8833333333333333,5.3,0,C,Z,1,1.0,0.4741356901481675
2100118301,1,10,0,11,0.0,0.09090909090909091,0.9090909090909091,2.212121212121212,6.545454545454545,6,180,0.009720000000000001,1.1835,7.101,0,C,Z,11,24.333333333333332,0.7486353002339486
2100118302,0,12,0,12,0.0,0.0,1.0,1.513888888888889,6.0,6,180,0.009720000000000001,1.0685,6.411,0,C,Z,12,18.166666666666668,0.7486353002339486
2100118303,0,7,0,7,0.0,0.0,1.0,1.2619047619047616,6.0,6,180,0.009720000000000001,1.1905,7.143,0,C,Z,7,8.833333333333334,0.7486353002339486
2100118304,1,12,0,13,0.0,0.07692307692307693,0.9230769230769231,1.2435897435897436,6.461538461538462,6,180,0.0063,0.8223333333333334,4.934,0,C,Z,13,16.166666666666668,0.4852265834849666
2100118816,5,25,0,30,0.0,0.16666666666666666,0.8333333333333334,2.658333333333333,7.0,4,168,0.0099875,1.25,5.0,0,C,Y,30,79.75,0.7692381750089055
2100118817,19,162,0,181,0.0,0.10497237569060773,0.8950276243093923,4.406077348066298,6.629834254143646,6,336,0.005264,0.7000000000000001,4.2,0,B,X,181,797.5,0.1237656352863726
2100118818,71,89,0,160,0.0,0.44375,0.55625,3.3890625,8.6625,4,196,0.007177500000000001,0.975,3.9,0,C,X,160,542.25,0.552811714756087
2100118819,61,125,0,186,0.0,0.3279569892473118,0.6720430107526881,2.9086021505376345,7.967741935483871,4,196,0.0080135,1.1,4.4,0,C,X,186,541.0,0.6172005121836158
2100118820,2,12,0,14,0.0,0.14285714285714285,0.8571428571428571,2.7142857142857144,6.857142857142857,4,196,0.00966,1.375,5.5,0,C,Z,14,38.0,0.7440140946769488
2100118827,7,0,1,8,0.125,0.875,0.0,17.25,25.5,1,56,0.035343,5.0,5.0,1,C,Z,8,138.0,2.7221211333506625
2100118828,5,0,1,6,0.16666666666666666,0.8333333333333334,0.0,23.333333333333332,30.0,1,40,0.04680500000000001,6.0,6.0,1,C,Z,6,140.0,3.6049254349228366
2100119195,0,1,0,1,0.0,0.0,1.0,2.0,6.0,6,420,0.002236,0.6666666666666666,4.0,0,C,Z,1,2.0,0.17221692709085484
2100119880,0,2,0,2,0.0,0.0,1.0,1.1666666666666665,6.0,6,,0.00308,0.6666666666666666,4.0,0,C,Z,2,2.333333333333333,0.237221885259317
2100119885,2,0,0,2,0.0,1.0,0.0,7.0,12.0,1,,0.077616,5.0,5.0,1,C,Z,2,14.0,5.977991508534789
2100120058,2,3,0,5,0.0,0.4,0.6,2.75,8.4,4,192,0.011424,1.0,4.0,0,C,Z,5,13.75,0.8798775380527395
2100120060,0,3,0,3,0.0,0.0,1.0,1.6666666666666667,6.0,4,100,0.015903,1.75,7.0,0,C,Z,3,5.0,1.2248505328827657
2100120061,25,19,0,44,0.0,0.5681818181818182,0.4318181818181818,4.636363636363637,9.40909090909091,3,189,0.009288,1.0,3.0,0,C,Y,44,204.0,0.7153626202235508
2100120064,12,51,0,63,0.0,0.19047619047619047,0.8095238095238095,2.7037037037037037,7.142857142857143,3,210,0.007605,1.0,3.0,0,C,Y,63,170.33333333333334,0.5857378043497097
2100120184,0,2,0,2,0.0,0.0,1.0,1.0,6.0,4,120,0.01299375,1.6,6.4,0,C,Z,2,2.0,1.0007798284377436
2100120185,1,6,0,7,0.0,0.14285714285714285,0.8571428571428571,2.0,6.857142857142857,3,105,0.013144,1.333333333333333,4.0,0,C,Z,7,14.0,1.012352097353397
2100120186,1,1,0,2,0.0,0.5,0.5,2.0,9.0,3,189,0.01056,1.0,3.0,0,C,Z,2,4.0,0.813332178031944
2100120187,2,1,0,3,0.0,0.6666666666666666,0.3333333333333333,5.0,10.0,3,147,0.011408,1.1,3.3,0,C,Z,3,15.0,0.8786452165708729
2100120952,11,47,0,58,0.0,0.1896551724137931,0.8103448275862069,2.831896551724138,7.137931034482758,4,252,0.007400250000000001,1.25,5.0,0,C,Y,58,164.25,0.5699679403864484
2100120953,11,10,0,21,0.0,0.5238095238095238,0.47619047619047616,5.238095238095238,9.142857142857142,2,144,0.0135,1.85,3.7,0,C,Z,21,110.0,1.0397712503249286
2100121619,4,11,0,15,0.0,0.26666666666666666,0.7333333333333333,2.716666666666667,7.6,4,256,0.0070035,1.25,5.0,0,C,Z,15,40.75,0.5394102186407879
2100121620,1,9,0,10,0.0,0.1,0.9,1.275,6.6000000000000005,4,224,0.00825,1.5,6.0,0,C,Z,10,12.75,0.6354157640874564
2100121729,3,8,0,11,0.0,0.2727272727272727,0.7272727272727273,6.386363636363637,7.636363636363636,4,256,0.006815000000000001,1.25,5.0,0,C,Z,11,70.25,0.5248919311825473
2100121732,1,20,0,21,0.0,0.047619047619047616,0.9523809523809523,9.453373015873016,6.285714285714285,48,1872,0.0009056250000000001,0.125,6.0,0,C,Z,21,198.52083333333334,0.06975132137596396
2100121736,1,4,0,5,0.0,0.2,0.8,1.7,7.200000000000001,6,,0.001014,0.1666666666666667,1.0,0,C,Z,5,8.5,0.07809837391329462
2100121737,0,8,0,8,0.0,0.0,1.0,0.6458333333333334,6.0,36,900,0.001435,0.3055555555555556,11.0,0,C,Z,8,5.166666666666667,0.11052383290490907
2100121738,0,2,0,2,0.0,0.0,1.0,0.6354166666666666,6.0,48,,0.001096875,0.1625,7.8,0,C,Z,2,1.2708333333333333,0.08448141408890043
2100121739,0,2,0,2,0.0,0.0,1.0,0.5208333333333333,6.0,48,,0.00121975,0.1979166666666667,9.5,0,C,Z,2,1.0416666666666665,0.0939452579691727
2100121741,0,3,0,3,0.0,0.0,1.0,0.3796296296296296,6.0,36,756,0.001466888888888889,0.2444444444444445,8.8,0,C,Z,3,1.1388888888888888,0.11297991808057373
2100121759,0,1,0,1,0.0,0.0,1.0,2.0,6.0,24,720,0.002026375,0.375,9.0,0,C,Z,1,2.0,0.15607159017608718
2100122009,0,1,0,1,0.0,0.0,1.0,5.0,6.0,6,,0.0006251666666666668,0.1666666666666667,1.0,0,C,Z,1,5.0,0.048150394567516144
2100122010,0,4,0,4,0.0,0.0,1.0,0.7083333333333333,6.0,6,,0.0010985,0.1666666666666667,1.0,0,C,Z,4,2.833333333333333,0.08460657173940252
2100122011,1,4,0,5,0.0,0.2,0.8,2.1333333333333333,7.200000000000001,6,,0.0009100000000000001,0.1333333333333333,0.8,0,C,Z,5,10.666666666666666,0.07008828428116186
2100122015,0,1,0,1,0.0,0.0,1.0,1.0,6.0,6,,0.001122333333333333,0.1666666666666667,1.0,0,C,Z,1,1.0,0.08644221728009958
2100122706,3,42,0,45,0.0,0.06666666666666667,0.9333333333333333,2.0814814814814815,6.3999999999999995,6,168,0.008448666666666667,1.0,6.0,0,C,Y,45,93.66666666666667,0.6507170891539664
2100122707,193,294,0,487,0.0,0.39630390143737165,0.6036960985626283,3.106776180698152,8.377823408624229,4,168,0.009075000000000001,1.1,4.4,0,B,X,487,1513.0,0.2133687576413054
2100122708,58,379,0,437,0.0,0.13272311212814644,0.8672768878718535,3.2494279176201375,6.7963386727688775,6,336,0.00528125,1.0,6.0,0,B,X,437,1420.0,0.12417121226370734
2100122709,4,26,0,30,0.0,0.13333333333333333,0.8666666666666667,2.972222222222222,6.800000000000001,6,240,0.006888000000000001,1.083333333333333,6.5,0,C,Y,30,89.16666666666666,0.5305143979435636
2100122710,43,311,0,354,0.0,0.12146892655367232,0.8785310734463276,3.7038606403013183,6.728813559322033,6,210,0.0092565,1.1,6.600000000000001,0,B,X,354,1311.1666666666667,0.2176361327941315
2100123087,2,0,0,2,0.0,1.0,0.0,52.5,12.0,6,210,0.008225000000000001,1.0,6.0,0,C,Z,2,105.0,0.6334902617720398
2100124408,0,2,0,2,0.0,0.0,1.0,0.55,6.0,10,,0.000792,0.2,2.0,0,C,Z,2,1.1,0.0609999133523958
2100124433,2,0,0,2,0.0,1.0,0.0,24.5,12.0,1,54,0.030618,4.0,4.0,1,C,Z,2,49.0,2.3582011957369375
2100124435,5,2,0,7,0.0,0.7142857142857143,0.2857142857142857,13.107142857142858,10.285714285714285,4,168,0.010716,1.2,4.8,0,C,Z,7,91.75,0.8253473124801433
2100124470,2,4,0,6,0.0,0.3333333333333333,0.6666666666666666,2.9583333333333335,8.0,4,168,0.011375,1.0,4.0,0,C,Z,6,17.75,0.8761035535145231
2100124946,0,1,0,1,0.0,0.0,1.0,1.0,6.0,6,270,0.006200000000000001,0.8,4.800000000000001,0,C,Z,1,1.0,0.4775245742233005
2100124952,1,5,0,6,0.0,0.16666666666666666,0.8333333333333334,1.5,7.0,4,100,0.015147,2.25,9.0,0,C,Z,6,9.0,1.1666233428645698
2100124953,2,2,0,4,0.0,0.5,0.5,14.25,9.0,2,80,0.02192475,3.0,6.0,0,C,Z,4,57.0,1.6886462755971463
2100124956,1,6,0,7,0.0,0.14285714285714285,0.8571428571428571,2.1785714285714284,6.857142857142857,4,196,0.008085,1.5,6.0,0,C,Z,7,15.25,0.6227074488057072
2100124957,3,12,0,15,0.0,0.2,0.8,2.4166666666666665,7.200000000000001,4,120,0.01180575,1.75,7.0,0,C,Z,15,36.25,0.90927995840915
2100124958,0,15,0,15,0.0,0.0,1.0,1.6111111111111112,6.0,6,270,0.006578000000000001,1.0,6.0,0,C,Z,15,24.166666666666668,0.5066381692323986
2100124959,1,15,0,16,0.0,0.0625,0.9375,1.8854166666666665,6.375,6,336,0.005406,1.0,6.0,0,C,Z,16,30.166666666666664,0.4163706206856714
2100124960,7,32,0,39,0.0,0.1794871794871795,0.8205128205128205,3.0982905982905984,7.076923076923077,6,210,0.007656,1.166666666666667,7.0,0,C,Y,39,120.83333333333333,0.5896658290731595
2100125396,0,3,0,3,0.0,0.0,1.0,1.1666666666666667,6.0,2,36,0.03675,5.75,11.5,1,C,Z,3,3.5,2.8304884036623053
2100125477,0,4,0,4,0.0,0.0,1.0,0.5,6.0,6,,0.002322,0.3666666666666667,2.2,0,C,Z,4,2.0,0.1788406550558877
2100125800,12,0,0,12,0.0,1.0,0.0,9.25,12.0,1,45,0.0444,6.0,6.0,1,C,Z,12,111.0,3.419692112179765
2100125810,0,8,0,8,0.0,0.0,1.0,0.8541666666666667,6.0,6,,0.00308,0.6666666666666666,4.0,0,C,Z,8,6.833333333333333,0.237221885259317
2100125859,0,2,0,2,0.0,0.0,1.0,0.8333333333333333,6.0,6,180,0.009720000000000001,1.0,6.0,0,C,Z,2,1.6666666666666665,0.7486353002339486
2100125863,0,3,0,3,0.0,0.0,1.0,2.055555555555556,6.0,6,180,0.00729,0.8333333333333334,5.0,0,C,Z,3,6.166666666666667,0.5614764751754614
2100125870,0,1,0,1,0.0,0.0,1.0,1.0,6.0,4,100,0.01989,2.25,9.0,0,C,Z,1,1.0,1.5319296421453947
2100126395,0,3,0,3,0.0,0.0,1.0,2.0833333333333335,6.0,4,144,0.010101,,,1,C,Z,3,6.25,0.7779799555208965
2100126397,0,1,0,1,0.0,0.0,1.0,1.0,6.0,3,126,0.020196,1.3,3.9,0,C,Z,1,1.0,1.555497790486093
2100127352,8,5,0,13,0.0,0.6153846153846154,0.38461538461538464,6.173076923076923,9.692307692307693,4,168,0.0087125,1.375,5.5,0,C,Z,13,80.25,0.6710375569226622
2100127489,0,1,0,1,0.0,0.0,1.0,0.25,6.0,4,120,0.0123525,1.1,4.4,0,C,Z,1,0.25,0.9513906940473096
2100127513,16,0,0,16,0.0,1.0,0.0,3.0625,12.0,1,42,0.03038,6.0,6.0,1,C,Z,16,49.0,2.3398704136941726
2100127800,2,6,0,8,0.0,0.25,0.75,3.34375,7.5,4,96,0.011316,1.75,7.0,0,C,Z,8,26.75,0.87155936805014
2100127801,0,2,0,2,0.0,0.0,1.0,2.375,6.0,4,96,0.011316,1.75,7.0,0,C,Z,2,4.75,0.87155936805014
2100127802,1,6,0,7,0.0,0.14285714285714285,0.8571428571428571,1.3928571428571428,6.857142857142857,4,96,0.011316,1.75,7.0,0,C,Z,7,9.75,0.87155936805014
2100127807,1,0,0,1,0.0,1.0,0.0,25.0,12.0,2,84,0.01767,3.4,6.8,1,C,Z,1,25.0,1.3609450365364064
2100127883,2,4,0,6,0.0,0.3333333333333333,0.6666666666666666,3.7083333333333335,8.0,4,120,0.0129735,1.7,6.8,0,C,Z,6,22.25,0.9992201715622563
2100129888,10,13,0,23,0.0,0.43478260869565216,0.5652173913043478,7.108695652173913,8.608695652173914,4,324,0.006075000000000001,0.75,3.0,0,C,Z,23,163.5,0.46789706264621794
2100129889,4,12,0,16,0.0,0.25,0.75,4.90625,7.5,4,224,0.007595,1.0,4.0,0,C,Z,16,78.5,0.5849676034235431
2100130060,0,1,0,1,0.0,0.0,1.0,1.5,6.0,4,200,0.010311615,1.3,5.2,0,C,Z,1,1.5,0.7942015423273546
2100131478,2,6,0,8,0.0,0.25,0.75,2.5,7.5,4,112,0.014352,2.0,8.0,0,C,Z,8,20.0,1.105392369234324
2100131479,0,3,0,3,0.0,0.0,1.0,1.3333333333333333,6.0,4,112,0.014976,2.0,8.0,0,C,Z,3,4.0,1.1534529070271207
2100131480,0,6,0,6,0.0,0.0,1.0,1.25,6.0,4,112,0.014053,2.0,8.0,0,C,Z,6,7.5,1.0823633615419421
2100131504,4,0,0,4,0.0,1.0,0.0,3.5,12.0,1,100,0.013455,3.0,3.0,0,C,Z,4,14.0,1.0363053461571787
2100131820,0,1,0,1,0.0,0.0,1.0,0.5,6.0,4,252,0.00623875,1.0,4.0,0,C,Z,1,0.5,0.48050910281219616
2100131823,2,0,0,2,0.0,1.0,0.0,2.5,12.0,2,100,0.01856,2.5,5.0,0,C,Z,2,5.0,1.429492918965235
2100131824,1,0,0,1,0.0,1.0,0.0,1.0,12.0,1,40,0.0004186125,,,1,C,Z,1,1.0,0.03224157352049216
2100131958,3,0,0,3,0.0,1.0,0.0,1.3333333333333333,12.0,1,35,0.05664,5.0,5.0,1,C,Z,3,4.0,4.3624180458077
2100131959,2,23,0,25,0.0,0.08,0.92,1.16,6.48,4,160,0.0085,1.5,6.0,0,C,Y,25,29.0,0.6546707872416216
2100131960,9,5,0,14,0.0,0.6428571428571429,0.35714285714285715,2.7857142857142856,9.857142857142858,2,90,0.019024,2.5,5.0,0,C,Z,14,39.0,1.465230241939366
2100131961,8,43,0,51,0.0,0.1568627450980392,0.8431372549019608,1.9901960784313726,6.9411764705882355,4,192,0.009744000000000001,1.25,5.0,0,C,Y,51,101.5,0.7504837824567484
2100131962,7,52,0,59,0.0,0.11864406779661017,0.8813559322033898,1.5635593220338984,6.711864406779661,4,168,0.011319,1.5,6.0,0,C,Y,59,92.25,0.87179042832799
2100131963,8,0,0,8,0.0,1.0,0.0,6.125,12.0,2,70,0.024426,3.0,6.0,0,C,Z,8,49.0,1.8812927822545706
2100131964,5,41,0,46,0.0,0.10869565217391304,0.8913043478260869,2.1340579710144927,6.6521739130434785,6,210,0.0063,1.0,6.0,0,C,Y,46,98.16666666666667,0.4852265834849666
2100131965,1,12,0,13,0.0,0.07692307692307693,0.9230769230769231,2.371794871794872,6.461538461538462,6,252,0.004275,0.8333333333333334,5.0,0,C,Z,13,30.833333333333332,0.32926089593622737
2100132120,4,42,0,46,0.0,0.08695652173913043,0.9130434782608695,1.4293478260869565,6.521739130434782,4,112,0.0118335,1.75,7.0,0,C,Y,46,65.75,0.9114172659792623
2100132581,6,0,0,6,0.0,1.0,0.0,2.6666666666666665,12.0,1,35,0.050986,6.0,6.0,1,C,Z,6,16.0,3.9269464421530964
2100132678,2,3,0,5,0.0,0.4,0.6,1.4,8.4,2,60,0.036,4.5,9.0,1,C,Z,5,7.0,2.772723334199809
2100132742,2,1,0,3,0.0,0.6666666666666666,0.3333333333333333,2.1666666666666665,10.0,2,90,0.01512,2.0,4.0,0,C,Z,3,6.5,1.16454380036392
2100132743,7,6,0,13,0.0,0.5384615384615384,0.46153846153846156,2.3076923076923075,9.23076923076923,2,70,0.0222,3.5,7.0,1,C,Z,13,30.0,1.7098460560898825
2100133030,7,0,0,7,0.0,1.0,0.0,15.0,12.0,1,84,0.023552,3.0,3.0,0,C,Z,7,105.0,1.8139772213076086
2100134583,0,1,0,1,0.0,0.0,1.0,1.0,6.0,2,72,0.0198,4.5,9.0,1,C,Z,1,1.0,1.5249978338098953
2100134676,0,9,0,9,0.0,0.0,1.0,1.1481481481481481,6.0,6,,0.00187,0.5833333333333334,3.5,0,C,Z,9,10.333333333333334,0.14402757319315676
2100136188,7,10,0,17,0.0,0.4117647058823529,0.5882352941176471,5.279411764705882,8.470588235294118,4,320,0.005586000000000001,0.75,3.0,0,C,Z,17,89.75,0.43023423735667043
2100136212,5,36,0,41,0.0,0.12195121951219512,0.8780487804878049,1.8475609756097562,6.731707317073171,4,168,0.010752,1.5,6.0,0,C,Y,41,75.75,0.828120035814343
2100136213,6,44,0,50,0.0,0.12,0.88,1.79,6.720000000000001,4,168,0.012375,1.75,7.0,0,C,Y,50,89.5,0.9531236461311845
2100136214,10,10,0,20,0.0,0.5,0.5,5.525,9.0,2,90,0.029435,2.5,5.0,0,C,Z,20,110.5,2.2670864261714274
2100136215,5,3,0,8,0.0,0.625,0.375,3.375,9.75,2,84,0.021896,2.5,5.0,0,C,Z,8,27.0,1.6864319479344172
2100136216,29,30,0,59,0.0,0.4915254237288136,0.5084745762711864,2.483050847457627,8.949152542372882,2,54,0.0300796875,3.5,7.0,1,C,Y,59,146.5,2.316740317130231
2100136220,39,0,0,39,0.0,1.0,0.0,3.1025641025641026,12.0,1,45,0.03762,,,1,C,Y,39,121.0,2.8974958842388006
2100136221,14,0,1,15,0.06666666666666667,0.9333333333333333,0.0,14.0,19.2,1,36,0.053592,10.0,10.0,2,C,Z,15,210.0,4.127660803512116
2100136645,0,1,0,1,0.0,0.0,1.0,1.0,6.0,2,80,0.015552,2.25,4.5,0,C,Z,1,1.0,1.1978164803743176
2100136851,4,11,0,15,0.0,0.26666666666666666,0.7333333333333333,4.977777777777778,7.6,6,330,0.004661333333333334,0.8333333333333334,5.0,0,C,Z,15,74.66666666666667,0.35901632505046427
2100136853,1,5,0,6,0.0,0.16666666666666666,0.8333333333333334,3.0,7.0,4,192,0.0090045,1.25,5.0,0,C,Z,6,18.0,0.6935274239667273
2100136855,1,3,0,4,0.0,0.25,0.75,3.75,7.5,6,216,0.007695,1.166666666666667,7.0,0,C,Z,4,15.0,0.5926696126852092
2100136883,17,7,0,24,0.0,0.7083333333333334,0.2916666666666667,12.3125,10.25,4,168,0.01056325,1.5,6.0,0,C,Y,24,295.5,0.8135824933329482
2100137895,0,2,0,2,0.0,0.0,1.0,0.5,6.0,4,252,0.0058275,1.0,4.0,0,C,Z,2,1.0,0.44883458972359414
2100139431,11,0,1,12,0.08333333333333333,0.9166666666666666,0.0,41.0,21.0,1,108,0.015028,3.0,3.0,0,C,Z,12,492.0,1.1574579518431871
2100139519,4,0,0,4,0.0,1.0,0.0,14.0,12.0,1,108,0.015028,4.0,4.0,1,C,Z,4,56.0,1.1574579518431871
2100139604,6,0,0,6,0.0,1.0,0.0,22.166666666666668,12.0,1,72,0.009681500000000001,5.0,5.0,1,C,Z,6,133.0,0.7456700266682071
2100139669,5,0,0,5,0.0,1.0,0.0,7.6,12.0,1,90,0.0142375,3.0,3.0,0,C,Z,5,38.0,1.0965735686297162
2100139708,3,0,0,3,0.0,1.0,0.0,9.333333333333334,12.0,1,90,0.0142375,3.0,3.0,0,C,Z,3,28.0,1.0965735686297162
2100140775,11,38,0,49,0.0,0.22448979591836735,0.7755102040816326,4.108843537414965,7.346938775510203,6,396,0.003933,0.6666666666666666,4.0,0,C,Y,49,201.33333333333334,0.30292002426132913
2100140776,8,8,0,16,0.0,0.5,0.5,5.015625,9.0,4,224,0.006900000000000001,1.0,4.0,0,C,Z,16,80.25,0.5314386390549635
2211400867,0,1,0,1,0.0,0.0,1.0,1.0,6.0,2,32,0.041535,5.0,10.0,1,C,Z,1,1.0,3.1990295468330303
2211401176,1,0,0,1,0.0,1.0,0.0,1.0,12.0,1,35,0.03726,6.0,6.0,1,C,Z,1,1.0,2.8697686508968028
2211401312,0,1,0,1,0.0,0.0,1.0,1.0,6.0,2,56,0.031365,5.5,11.0,1,C,Z,1,1.0,2.4157352049215834
2211401354,2,0,0,2,0.0,1.0,0.0,1.0,12.0,1,20,0.07980000000000001,9.0,9.0,2,C,Z,2,2.0,6.146203390809578
3100518418,0,8,0,8,0.0,0.0,1.0,3.604166666666667,6.0,12,2160,0.000468,0.075,0.9,0,C,Z,8,28.833333333333336,0.03604540334459752
3100518419,1,4,0,5,0.0,0.2,0.8,7.45,7.200000000000001,8,720,0.002349,0.225,1.8,0,C,Z,5,37.25,0.18092019755653754
3100518436,0,2,0,2,0.0,0.0,1.0,2.25,6.0,8,840,0.00181125,0.25,2.0,0,C,Z,2,4.5,0.1395026427519279
3100518437,0,7,0,7,0.0,0.0,1.0,3.9642857142857144,6.0,8,1200,0.0013125,0.1625,1.3,0,C,Z,7,27.75,0.10108887155936805
3100518438,0,3,0,3,0.0,0.0,1.0,0.7083333333333334,6.0,8,840,0.00258825,0.25,2.0,0,C,Z,3,2.125,0.19934725471507378
3100518439,2,1,0,3,0.0,0.6666666666666666,0.3333333333333333,7.333333333333333,10.0,6,672,0.00168,0.3,1.8,0,C,Z,3,22.0,0.12939375559599112
3100518440,3,6,0,9,0.0,0.3333333333333333,0.6666666666666666,5.972222222222222,8.0,8,840,0.001449,0.25,2.0,0,C,Z,9,53.75,0.11160211420154233
3110600773,0,1,0,1,0.0,0.0,1.0,4.5,6.0,24,720,0.002416666666666667,0.5625,13.5,0,C,Z,1,4.5,0.186131890490265
3110600774,0,1,0,1,0.0,0.0,1.0,1.0,6.0,16,448,0.00361675,0.75,12.0,0,C,Z,1,1.0,0.27856241997131004
3110600775,0,1,0,1,0.0,0.0,1.0,1.0,6.0,16,448,0.003995,0.925,14.8,0,C,Z,1,1.0,0.30769527000356217
3110600838,0,9,0,9,0.0,0.0,1.0,2.75,6.0,12,1800,0.0007260000000000001,0.08333333333333333,1.0,0,C,Z,9,24.75,0.05591658723969616
4100000722,11,0,0,11,0.0,1.0,0.0,632.7272727272727,12.0,1,,0.06334200000000001,,,1,A,Z,11,6960.0,1.2472826086956523
4100000738,0,0,5,5,1.0,0.0,0.0,624.0,120.0,1,31,0.05819000000000001,7.0,7.0,1,A,Z,5,3120.0,1.1458333333333335
4100000801,1,0,1,2,0.5,0.5,0.0,275.5,66.0,1,30,0.0491855,4.7,4.7,1,C,Z,2,551.0,3.788271765396798
4100000838,0,4,0,4,0.0,0.0,1.0,688.0,6.0,,,,,,1,A,Z,4,2752.0,1.0
4200000013,1,0,0,1,0.0,1.0,0.0,1.0,12.0,1,34,0.051888,3.9,3.9,1,C,Z,1,1.0,3.996418565693325
4200000016,1,0,0,1,0.0,1.0,0.0,1.0,12.0,1,34,0.051888,3.9,3.9,1,C,Z,1,1.0,3.996418565693325
4200000030,1,0,0,1,0.0,1.0,0.0,15.0,12.0,1,48,0.030932,3.0,3.0,0,C,Z,1,15.0,2.3823855048185694
4200000088,51,0,11,62,0.1774193548387097,0.8225806451612904,0.0,9.370967741935484,31.161290322580648,1,12,0.12138,17.8,17.8,2,C,Y,62,581.0,9.348698841810357
4200000156,59,4,10,73,0.136986301369863,0.8082191780821918,0.0547945205479452,25.383561643835616,26.46575342465753,2,40,0.0399,4.4,8.8,1,B,Y,73,1853.0,0.9381171823568136
4200000157,95,0,28,123,0.22764227642276422,0.7723577235772358,0.0,12.203252032520325,36.58536585365854,1,16,0.0928395,11.0,11.0,2,B,X,123,1501.0,2.1828152920154236
4200000161,23,0,1,24,0.041666666666666664,0.9583333333333334,0.0,26.791666666666668,16.5,1,66,0.02484,2.0,2.0,0,C,Y,24,643.0,1.9131791005978684
4200000163,51,0,110,161,0.6832298136645962,0.3167701863354037,0.0,66.56521739130434,85.7888198757764,1,28,0.055016,3.5,3.5,1,A,X,161,10717.0,1.0833333333333333
4200000164,51,0,38,89,0.42696629213483145,0.5730337078651685,0.0,52.57303370786517,58.1123595505618,1,28,0.054855,4.0,4.0,1,A,Y,89,4679.0,1.0801630434782608
4200000223,1,0,0,1,0.0,1.0,0.0,1.0,12.0,1,34,0.046322,4.6,4.6,1,C,Z,1,1.0,3.567724730188988
4200000309,1,0,0,1,0.0,1.0,0.0,21.0,12.0,1,53,0.0323285,3.2,3.2,1,C,Z,1,21.0,2.4899440641577373
4200005352,0,1,0,1,0.0,0.0,1.0,1.0,6.0,4,48,0.0346625,4.125,16.5,1,C,Z,1,1.0,2.669708960325025
4200006855,0,0,1,1,1.0,0.0,0.0,73.0,120.0,4,48,0.036108,4.125,16.5,1,C,Z,1,73.0,2.781041504202409
4200007335,1,0,0,1,0.0,1.0,0.0,1.0,12.0,1,48,0.021049875,2.0,2.0,0,C,Z,1,1.0,1.6212633220691446
4200007356,1,0,0,1,0.0,1.0,0.0,9.0,12.0,1,18,0.09400575,5.6,5.6,1,C,Z,1,9.0,7.240331571498714
4200007832,1,0,0,1,0.0,1.0,0.0,5.0,12.0,1,30,0.055130625,6.0,6.0,1,C,Z,1,5.0,4.246165843514427
4200007858,108,0,102,210,0.4857142857142857,0.5142857142857142,0.0,35.56666666666667,64.45714285714286,1,18,0.1026,4.5,4.5,1,A,X,210,7469.0,2.020321361058601
4200007859,69,0,57,126,0.4523809523809524,0.5476190476190477,0.0,41.54761904761905,60.857142857142854,1,24,0.0675,5.6,5.6,1,A,X,126,5235.0,1.3291587901701323
4200008100,3,0,0,3,0.0,1.0,0.0,1.6666666666666667,12.0,1,24,0.0675,3.9,3.9,1,C,Z,3,5.0,5.198856251624643
4200008101,61,0,70,131,0.5343511450381679,0.46564885496183206,0.0,52.29770992366412,69.70992366412214,1,34,0.047564,4.0,4.0,1,A,X,131,6851.0,0.9365942028985507
4200008102,430,0,84,514,0.16342412451361868,0.8365758754863813,0.0,24.663424124513618,29.64980544747082,1,34,0.050784,4.0,4.0,1,A,X,514,12677.0,1.0
4200008107,93,0,13,106,0.12264150943396226,0.8773584905660378,0.0,14.433962264150944,25.245283018867923,1,34,0.050784,3.9,3.9,1,B,X,106,1530.0,1.1940186212733943
4200008113,59,0,43,102,0.4215686274509804,0.5784313725490197,0.0,42.92156862745098,57.529411764705884,1,30,0.0563558,4.5,4.5,1,A,X,102,4378.0,1.1097156584751102
4200008116,6,0,1,7,0.14285714285714285,0.8571428571428571,0.0,61.42857142857143,27.428571428571427,4,192,0.03056175,3.8,15.2,1,C,Z,7,430.0,2.3538688155272505
4200008117,653,0,13,666,0.01951951951951952,0.9804804804804805,0.0,6.055555555555555,14.108108108108109,1,40,0.041405,3.8,3.8,1,A,X,666,4033.0,0.815315847511027
4200008122,54,0,34,88,0.38636363636363635,0.6136363636363636,0.0,44.72727272727273,53.72727272727272,1,40,0.041405,3.8,3.8,1,A,Y,88,3936.0,0.815315847511027
4200008229,805,0,20,825,0.024242424242424242,0.9757575757575757,0.0,6.797575757575758,14.618181818181817,1,40,0.041405,3.8,3.8,1,A,X,825,5608.0,0.815315847511027
4200008236,2,1,0,3,0.0,0.6666666666666666,0.3333333333333333,11.0,10.0,3,36,0.05041666666666667,3.9,11.7,1,C,Z,3,33.0,3.883096336090011
4200008241,1,0,0,1,0.0,1.0,0.0,1.0,12.0,1,31,0.05651100000000001,6.0,6.0,1,C,Z,1,1.0,4.352482453860151
4200008260,74,0,35,109,0.3211009174311927,0.6788990825688074,0.0,18.706422018348626,46.67889908256881,1,20,0.07327800000000001,5.9,5.9,1,B,X,109,2039.0,1.7228909997178596
4200008262,392,0,11,403,0.02729528535980149,0.9727047146401985,0.0,5.086848635235732,14.94789081885856,1,18,0.090896,3.9,3.9,1,B,X,403,2050.0,2.1371202859023795
4200008264,4,0,0,4,0.0,1.0,0.0,3.75,12.0,1,20,0.07327800000000001,5.9,5.9,1,C,Z,4,15.0,5.643878346763713
4200008267,2,0,0,2,0.0,1.0,0.0,12.5,12.0,2,36,0.051,3.0,6.0,0,C,Z,2,25.0,3.9280247234497296
4200008366,670,0,10,680,0.014705882352941176,0.9852941176470589,0.0,4.173529411764706,13.588235294117649,1,18,0.1045,3.2,3.2,1,A,X,680,2838.0,2.057734719596723
4200008369,2,1,0,3,0.0,0.6666666666666666,0.3333333333333333,11.666666666666666,10.0,2,48,0.05267025,3.0,6.0,0,C,Z,3,35.0,4.056667533142709
4200008371,664,0,18,682,0.026392961876832845,0.9736070381231672,0.0,4.919354838709677,14.850439882697948,1,24,0.0675,4.2,4.2,1,A,X,682,3355.0,1.3291587901701323
4200008372,65,0,51,116,0.4396551724137931,0.5603448275862069,0.0,31.939655172413794,59.48275862068966,1,18,0.1026,3.2,3.2,1,A,X,116,3705.0,2.020321361058601
4200008695,28,0,8,36,0.2222222222222222,0.7777777777777778,0.0,61.25,36.0,5,60,0.0311355,4.0,20.0,1,B,Y,36,2205.0,0.7320488103075331
4200008734,33,0,5,38,0.13157894736842105,0.868421052631579,0.0,27.31578947368421,26.210526315789473,4,48,0.0346625,3.875,15.5,1,B,Y,38,1038.0,0.8149746073544625
4200008735,29,2,6,37,0.16216216216216217,0.7837837837837838,0.05405405405405406,21.83783783783784,29.189189189189186,4,48,0.0346625,3.875,15.5,1,B,Y,37,808.0,0.8149746073544625
4200008736,38,1,18,57,0.3157894736842105,0.6666666666666666,0.017543859649122806,44.59649122807018,46.0,4,48,0.03056175,3.5,14.0,1,A,Y,57,2542.0,0.6017987948960302
4200008737,50,0,27,77,0.35064935064935066,0.6493506493506493,0.0,58.23376623376623,49.87012987012987,4,48,0.03056175,3.5,14.0,1,A,Y,77,4484.0,0.6017987948960302
4200008999,78,7,85,170,0.5,0.4588235294117647,0.041176470588235294,54.93333333333333,65.75294117647059,3,36,0.04675000000000001,5.0,15.0,1,A,X,170,9338.666666666666,0.9205655324511658
4200009000,80,0,70,150,0.4666666666666667,0.5333333333333333,0.0,90.2,62.4,3,36,0.04675000000000001,5.0,15.0,1,A,X,150,13530.0,0.9205655324511658
4200009001,107,2,38,147,0.2585034013605442,0.7278911564625851,0.013605442176870748,36.326530612244895,39.83673469387755,2,48,0.03750000000000001,4.0,8.0,1,A,X,147,5340.0,0.7384215500945182
4200009002,84,10,19,113,0.168141592920354,0.7433628318584071,0.08849557522123894,26.495575221238937,29.628318584070797,2,48,0.03750000000000001,4.0,8.0,1,A,X,113,2994.0,0.7384215500945182
4200009004,48,0,22,70,0.3142857142857143,0.6857142857142857,0.0,29.228571428571428,45.94285714285714,2,36,0.04845,5.25,10.5,1,B,Y,70,2046.0,1.139142292861845
4200009005,53,2,22,77,0.2857142857142857,0.6883116883116883,0.025974025974025976,25.681818181818183,42.701298701298704,2,36,0.04845,5.25,10.5,1,B,Y,77,1977.5,1.139142292861845
4200009006,55,4,5,64,0.078125,0.859375,0.0625,21.125,20.0625,5,60,0.03025,4.4,22.0,1,B,Y,64,1352.0,0.7112291921376845
4200009007,45,4,7,56,0.125,0.8035714285714286,0.07142857142857142,32.46785714285714,25.07142857142857,5,60,0.03025,4.4,22.0,1,B,Y,56,1818.2,0.7112291921376845
4200009008,33,0,38,71,0.5352112676056338,0.4647887323943662,0.0,23.859154929577464,69.80281690140845,1,18,0.10659,5.0,5.0,1,B,Y,71,1694.0,2.5061130442960593
4200009009,23,0,18,41,0.43902439024390244,0.5609756097560976,0.0,17.5609756097561,59.41463414634146,1,18,0.10659,5.0,5.0,1,C,Y,41,720.0,8.209571672009936
4200009010,36,6,8,50,0.16,0.72,0.12,35.32,28.56,5,60,0.03025,4.8,24.0,1,B,Y,50,1766.0,0.7112291921376845
4200009017,3,0,1,4,0.25,0.75,0.0,22.5,39.0,3,36,0.05192916666666667,5.600000000000001,16.8,1,C,Z,4,90.0,3.9995892261727115
4200009018,14,8,2,24,0.08333333333333333,0.5833333333333334,0.3333333333333333,16.208333333333332,19.0,3,36,0.05192916666666667,5.333333333333333,16.0,1,C,Y,24,389.0,3.9995892261727115
4200009019,59,5,11,75,0.14666666666666667,0.7866666666666666,0.06666666666666667,16.8,27.439999999999998,3,36,0.05142500000000001,5.399999999999999,16.2,1,B,Y,75,1260.0,1.209089626634064
4200009020,3,0,1,4,0.25,0.75,0.0,14.5,39.0,1,18,0.1026,4.5,4.5,1,C,Z,4,58.0,7.9022615024694565
4200009021,46,3,3,52,0.057692307692307696,0.8846153846153846,0.057692307692307696,14.211538461538462,17.884615384615387,2,48,0.03750000000000001,4.0,8.0,1,C,Y,52,739.0,2.888253473124802
4200009022,43,0,9,52,0.17307692307692307,0.8269230769230769,0.0,19.25,30.692307692307693,1,40,0.041405,3.8,3.8,1,B,Y,52,1001.0,0.9735023041474654
4200009023,67,0,25,92,0.2717391304347826,0.7282608695652174,0.0,31.945652173913043,41.34782608695652,1,40,0.041405,3.8,3.8,1,A,X,92,2939.0,0.815315847511027
4200009024,20,0,0,20,0.0,1.0,0.0,13.35,12.0,1,40,0.041405,3.8,3.8,1,C,Z,20,267.0,3.1890169347928636
4200009163,37,0,230,267,0.8614232209737828,0.13857677902621723,0.0,202.87265917602997,105.03370786516854,1,24,0.0675,4.5,4.5,1,A,X,267,54167.0,1.3291587901701323
4200009226,3,0,24,27,0.8888888888888888,0.1111111111111111,0.0,99.5925925925926,107.99999999999999,1,18,0.06373675000000001,3.8,3.8,1,A,Y,27,2689.0,1.2550557262129807
4200009232,7,0,0,7,0.0,1.0,0.0,8.714285714285714,12.0,1,34,0.046552,3.8,3.8,1,C,Z,7,61.0,3.5854393514908205
4200009238,0,1,0,1,0.0,0.0,1.0,300.0,6.0,,,,,,1,C,Z,1,300.0,1.0
4200009294,0,0,1,1,1.0,0.0,0.0,921.0,120.0,3,36,0.04675000000000001,5.0,15.0,1,B,Z,1,921.0,1.099172387849149
4200009377,71,0,1,72,0.013888888888888888,0.9861111111111112,0.0,5.958333333333333,13.5,1,30,0.0540225,3.9,3.9,1,C,Y,72,429.0,4.160817953383589
4200009378,31,4,0,35,0.0,0.8857142857142857,0.11428571428571428,12.285714285714286,11.314285714285713,3,36,0.05192916666666667,5.600000000000001,16.8,1,C,Y,35,430.0,3.9995892261727115
4200009379,20,0,12,32,0.375,0.625,0.0,22.5625,52.5,1,18,0.1026,5.0,5.0,1,C,Y,32,722.0,7.9022615024694565
4200009380,120,0,11,131,0.08396946564885496,0.916030534351145,0.0,10.938931297709924,21.068702290076338,1,24,0.0675,5.6,5.6,1,B,X,131,1433.0,1.5870403460923541
4200009381,77,0,3,80,0.0375,0.9625,0.0,5.475,16.05,1,18,0.095,5.0,5.0,1,C,Y,80,438.0,7.31690879858283
4200009382,40,0,87,127,0.6850393700787402,0.31496062992125984,0.0,41.36220472440945,85.98425196850393,1,18,0.095,5.0,5.0,1,A,X,127,5253.0,1.8706679269061122
4200009453,104,0,33,137,0.24087591240875914,0.7591240875912408,0.0,11.81021897810219,38.01459854014598,1,18,0.07327800000000001,7.0,7.0,1,B,X,137,1618.0,1.7228909997178596
4200009617,56,11,13,80,0.1625,0.7,0.1375,19.3375,28.724999999999998,3,36,0.05192916666666667,5.600000000000001,16.8,1,B,Y,80,1547.0,1.2209434465030253
4200009618,37,16,13,66,0.19696969696969696,0.5606060606060606,0.24242424242424243,18.393939393939394,31.818181818181817,3,36,0.05192916666666667,5.600000000000001,16.8,1,B,Y,66,1214.0,1.2209434465030253
4200009619,23,0,5,28,0.17857142857142858,0.8214285714285714,0.0,20.0,31.28571428571429,3,36,0.05041666666666667,5.399999999999999,16.2,1,C,Y,28,560.0,3.883096336090011
4200009620,37,0,31,68,0.45588235294117646,0.5441176470588235,0.0,29.926470588235293,61.23529411764706,1,18,0.1026,4.5,4.5,1,B,Y,68,2035.0,2.412301326060378
4200009621,0,48,0,48,0.0,0.0,1.0,28.291666666666668,6.0,,,,,,1,B,Y,48,1358.0,1.0
4200009622,20,0,5,25,0.2,0.8,0.0,29.44,33.6,2,42,0.03750000000000001,4.0,8.0,1,C,Y,25,736.0,2.888253473124802
4200009623,12,0,1,13,0.07692307692307693,0.9230769230769231,0.0,8.923076923076923,20.307692307692307,1,30,0.046552,7.0,7.0,1,C,Z,13,116.0,3.5854393514908205
4200009625,84,0,18,102,0.17647058823529413,0.8235294117647058,0.0,25.352941176470587,31.058823529411768,1,40,0.041405,3.0,3.0,0,A,X,102,2586.0,0.815315847511027
4200009627,33,0,4,37,0.10810810810810811,0.8918918918918919,0.0,11.216216216216216,23.675675675675677,1,18,0.090896,3.3,3.3,1,C,Y,37,415.0,7.000818338484052
4200009654,49,0,1,50,0.02,0.98,0.0,5.84,14.16,1,24,0.0675,7.0,7.0,1,C,Y,50,292.0,5.198856251624643
4200009655,71,0,9,80,0.1125,0.8875,0.0,21.6375,24.15,1,24,0.0675,7.0,7.0,1,B,Y,80,1731.0,1.5870403460923541
7114000489,0,2,0,2,0.0,0.0,1.0,1.0,6.0,2,56,0.059892,2.8,5.6,0,C,Z,2,2.0,4.612887386997083
7114000560,2,1,0,3,0.0,0.6666666666666666,0.3333333333333333,2.3333333333333335,10.0,2,42,0.039104,4.0,8.0,1,C,Z,3,7.0,3.0117937016819263
7114000638,0,2,0,2,0.0,0.0,1.0,1.0,6.0,2,50,0.03657000000000001,4.5,9.0,1,C,Z,2,2.0,2.8166247869913072
7114000640,4,3,0,7,0.0,0.5714285714285714,0.42857142857142855,4.571428571428571,9.428571428571427,2,56,0.02898,4.0,8.0,1,C,Z,7,32.0,2.2320422840308463
7114900002,0,2,0,2,0.0,0.0,1.0,1.5,6.0,6,54,0.0268125,3.4,20.4,1,C,Z,2,3.0,2.065101233284233
7115900031,0,1,0,1,0.0,0.0,1.0,1.0,6.0,24,1440,0.001084015625,0.183,4.4,0,C,Z,1,1.0,0.08349098383540805
7115900320,0,6,0,6,0.0,0.0,1.0,1.3333333333333333,6.0,14,490,0.0030015,0.5214285714285715,7.3,0,C,Z,6,8.0,0.23117580798890908
7115900323,1,2,0,3,0.0,0.3333333333333333,0.6666666666666666,8.547619047619047,8.0,14,350,0.004460625,0.729,10.2,0,C,Z,3,25.642857142857142,0.34355775062819516
7115900325,1,36,0,37,0.0,0.02702702702702703,0.972972972972973,2.6869369369369367,6.162162162162163,12,1008,0.001943666666666667,0.35,4.2,0,C,Y,37,99.41666666666667,0.14970138668258418
7115900326,1,33,0,34,0.0,0.029411764705882353,0.9705882352941176,1.7029411764705882,6.1764705882352935,10,540,0.0037,0.5900000000000001,5.9,0,C,Y,34,57.9,0.28497434268164706
7115900499,2,29,0,31,0.0,0.06451612903225806,0.9354838709677419,1.8870967741935485,6.387096774193548,6,180,0.006511291666666666,1.133333333333333,6.8,0,C,Y,31,58.5,0.501500287220762
7115900500,1,33,0,34,0.0,0.029411764705882353,0.9705882352941176,1.6715686274509804,6.1764705882352935,6,180,0.007701333333333334,1.3,7.800000000000001,0,C,Y,34,56.833333333333336,0.5931574066051148
7115900704,0,1,0,1,0.0,0.0,1.0,1.0,6.0,4,120,0.01305559375,1.5,6.0,0,C,Z,1,1.0,1.0055430397905054
7115900755,0,13,0,13,0.0,0.0,1.0,1.1538461538461537,6.0,6,270,0.006150833333333334,1.0,6.0,0,C,Z,13,15.0,0.4737377530029813
7115900757,2,18,0,20,0.0,0.1,0.9,2.291666666666667,6.6000000000000005,6,210,0.0081046875,1.333333333333333,8.0,0,C,Z,20,45.833333333333336,0.6242237818790978
7115900875,0,5,0,5,0.0,0.0,1.0,1.3,6.0,14,490,0.003564,0.6214285714285713,8.7,0,C,Z,5,6.5,0.2744996100857811
7115900876,0,1,0,1,0.0,0.0,1.0,2.0,6.0,14,350,0.004264071428571429,0.6857142857142857,9.6,0,C,Z,1,2.0,0.328419176352631
7115900877,0,2,0,2,0.0,0.0,1.0,2.071428571428571,6.0,14,280,0.005540178571428572,0.8428571428571429,11.8,0,C,Z,2,4.142857142857142,0.4267050666842713
7115900886,1,3,0,4,0.0,0.25,0.75,4.708333333333334,7.5,6,336,0.006233333333333334,0.7,5.6,0,C,Z,4,18.833333333333336,0.4800919106438559
7115900915,0,3,0,3,0.0,0.0,1.0,0.5555555555555555,6.0,6,210,0.007667,1.166666666666667,7.0,0,C,Z,3,1.6666666666666665,0.5905130500919428
7115900916,0,19,0,19,0.0,0.0,1.0,2.008771929824561,6.0,6,120,0.009030000000000002,1.333333333333333,8.0,0,C,Z,19,38.166666666666664,0.6954914363284523
7115900919,1,11,0,12,0.0,0.08333333333333333,0.9166666666666666,2.680555555555556,6.5,6,270,0.006869333333333334,1.0,6.0,0,C,Z,12,32.166666666666664,0.5290766895480525
7115900920,0,4,0,4,0.0,0.0,1.0,1.5,6.0,4,216,0.009016,1.0,4.0,0,C,Z,4,6.0,0.6944131550318189
7115900921,6,7,0,13,0.0,0.46153846153846156,0.5384615384615384,5.384615384615385,8.76923076923077,4,168,0.00987,1.25,5.0,0,C,Z,13,70.0,0.7601883141264477
7115900922,0,1,0,1,0.0,0.0,1.0,1.0,6.0,4,180,0.010619,2.0,8.0,0,C,Z,1,1.0,0.8178763634963271
7115900925,1,2,0,3,0.0,0.3333333333333333,0.6666666666666666,5.333333333333333,8.0,6,300,0.004263,0.5,3.0,0,C,Z,3,16.0,0.32833665482482743
7115900926,1,19,0,20,0.0,0.05,0.95,1.0333333333333334,6.299999999999999,6,324,0.005655,0.6666666666666666,4.0,0,C,Z,20,20.666666666666668,0.4355486237472201
7115900927,0,1,0,1,0.0,0.0,1.0,1.0,6.0,6,210,0.006960000000000001,0.8333333333333334,5.0,0,C,Z,1,1.0,0.5360598446119632
7115900929,1,5,0,6,0.0,0.16666666666666666,0.8333333333333334,3.1944444444444446,7.0,6,270,0.0054375,0.5833333333333334,3.5,0,C,Z,6,19.166666666666668,0.41879675360309615
7115900930,0,1,0,1,0.0,0.0,1.0,4.166666666666667,6.0,6,210,0.007200000000000001,0.75,4.5,0,C,Z,1,4.166666666666667,0.554544666839962
7115900931,0,3,0,3,0.0,0.0,1.0,0.6666666666666666,6.0,6,144,0.01056,1.166666666666667,7.0,0,C,Z,3,2.0,0.813332178031944
7115900932,0,8,0,8,0.0,0.0,1.0,0.7291666666666667,6.0,6,168,0.009120000000000001,1.666666666666667,10.0,0,C,Z,8,5.833333333333334,0.7024232446639518
7115900933,0,5,0,5,0.0,0.0,1.0,0.95,6.0,4,120,0.0147,2.25,9.0,0,C,Z,5,4.75,1.132195361464922
7115900934,0,1,0,1,0.0,0.0,1.0,2.5,6.0,6,270,0.006075000000000001,0.8333333333333334,5.0,0,C,Z,1,2.5,0.46789706264621794
7115900936,0,4,0,4,0.0,0.0,1.0,1.6666666666666667,6.0,6,210,0.008184,1.166666666666667,7.0,0,C,Z,4,6.666666666666667,0.6303324379747567
7115900937,4,4,0,8,0.0,0.5,0.5,7.125,9.0,6,270,0.006075000000000001,0.8333333333333334,5.0,0,C,Z,8,57.0,0.46789706264621794
7115900940,1,2,0,3,0.0,0.3333333333333333,0.6666666666666666,7.666666666666667,8.0,6,270,0.006277500000000001,1.0,6.0,0,C,Z,3,23.0,0.4834936314010918
7115900942,0,2,0,2,0.0,0.0,1.0,2.0,6.0,6,210,0.00792,1.333333333333333,8.0,0,C,Z,2,4.0,0.6099991335239581
7115900943,0,16,0,16,0.0,0.0,1.0,1.0104166666666667,6.0,6,270,0.005940000000000001,1.0,6.0,0,C,Z,16,16.166666666666668,0.4574993501429686
7115900944,0,13,0,13,0.0,0.0,1.0,1.064102564102564,6.0,6,240,0.007042166666666668,1.133333333333333,6.8,0,C,Z,13,13.833333333333334,0.5423883288886322
7115900945,1,9,0,10,0.0,0.1,0.9,1.8666666666666667,6.6000000000000005,6,210,0.0083545,1.3,7.8,0,C,Z,10,18.666666666666668,0.6434643637658974
7115900948,1,10,0,11,0.0,0.09090909090909091,0.9090909090909091,2.575757575757576,6.545454545454545,6,144,0.01365466666666667,1.666666666666667,10.0,0,C,Z,11,28.333333333333332,1.0516836913163057
7115900950,0,2,0,2,0.0,0.0,1.0,2.0,6.0,6,270,0.006417,1.0,6.0,0,C,Z,2,4.0,0.494237934321116
7115900951,0,1,0,1,0.0,0.0,1.0,1.0,6.0,4,180,0.00882,1.0,4.0,0,C,Z,1,1.0,0.6793172168789533
7115900953,0,2,0,2,0.0,0.0,1.0,2.25,6.0,4,128,0.01099825,1.75,7.0,0,C,Z,2,4.5,0.8470862336211958
7115900972,9,3,0,12,0.0,0.75,0.25,11.319444444444445,10.5,6,216,0.007453333333333334,0.8333333333333334,5.0,0,C,Z,12,135.83333333333334,0.5740564236361828
7115900974,2,48,0,50,0.0,0.04,0.96,0.99,6.24,6,270,0.006869333333333334,0.5,3.0,0,C,Y,50,49.5,0.5290766895480525
7116900165,21,0,0,21,0.0,1.0,0.0,2.0,12.0,1,36,0.04131,6.0,6.0,1,C,Z,21,42.0,3.181700025994281
7211003215,1,2,0,3,0.0,0.3333333333333333,0.6666666666666666,6.333333333333333,8.0,4,36,0.04499676900000001,4.585,18.34,1,C,Z,3,19.0,3.465655315830518
7211003241,16,0,0,16,0.0,1.0,0.0,2.3125,12.0,1,50,0.03808,6.0,6.0,1,C,Z,16,37.0,2.932925126842465
7211003246,3,0,1,4,0.25,0.75,0.0,13.0,39.0,1,45,0.033292836,6.1,6.1,1,C,Z,4,52.0,2.564217312191318
7211003259,3,0,0,3,0.0,1.0,0.0,2.6666666666666665,12.0,1,16,0.083968,11.5,11.5,2,C,Z,3,8.0,6.4672231368358215
7211003278,0,2,0,2,0.0,0.0,1.0,1.0,6.0,4,56,0.03259008,4.12,16.48,1,C,Z,2,2.0,2.5100909799844033
7211003293,9,0,0,9,0.0,1.0,0.0,2.4444444444444446,12.0,1,48,0.038304,5.45,5.45,1,C,Z,9,22.0,2.950177627588597
7211003299,1,100,0,101,0.0,0.009900990099009901,0.9900990099009901,1.5544554455445545,6.0594059405940595,6,72,0.025217192,3.0,18.0,0,C,X,101,157.0,1.9422304633721321
7211003300,0,65,0,65,0.0,0.0,1.0,1.1692307692307693,6.0,5,75,0.0261439056,3.16,15.8,1,C,Y,65,76.0,2.0136060306732517
7211003301,0,11,0,11,0.0,0.0,1.0,0.9090909090909091,6.0,6,168,0.01301021866666667,2.75,16.5,0,C,Z,11,10.0,1.0020482466696836
7211003302,1,28,0,29,0.0,0.034482758620689655,0.9655172413793104,0.8448275862068966,6.206896551724138,6,168,0.01301021866666667,2.75,16.5,0,C,Y,29,24.5,1.0020482466696836
7211003360,3,0,0,3,0.0,1.0,0.0,4.0,12.0,1,65,0.027968,5.0,5.0,1,C,Z,3,12.0,2.154097950302785
7211003692,0,2,0,2,0.0,0.0,1.0,1.3333333333333335,6.0,3,72,0.023736,3.12,9.36,1,C,Z,2,2.666666666666667,1.8281489183490742
7211003822,14,65,0,79,0.0,0.17721518987341772,0.8227848101265823,2.3333333333333335,7.063291139240507,3,162,0.012958,2.0,6.0,0,C,Y,79,184.33333333333334,0.9980263601266981
7211004028,7,0,0,7,0.0,1.0,0.0,1.2857142857142858,12.0,1,30,0.06156,8.2,8.2,2,C,Z,7,9.0,4.741356901481674
7211004052,0,1,0,1,0.0,0.0,1.0,3.0,6.0,6,162,0.0186825,1.768833333333333,10.613,0,C,Z,1,3.0,1.4389278803107761
7211004067,15,0,0,15,0.0,1.0,0.0,2.7333333333333334,12.0,1,45,0.036608,4.0,4.0,1,C,Z,15,41.0,2.8195515505107394
7211004120,1,0,0,1,0.0,1.0,0.0,2.0,12.0,1,21,0.07056,8.0,8.0,1,C,Z,1,2.0,5.434537735031626
7211004136,82,0,4,86,0.046511627906976744,0.9534883720930233,0.0,11.337209302325581,17.02325581395349,1,45,0.045144,7.1,7.1,1,B,Y,86,975.0,1.0614125834665662
7211004184,9,13,2,24,0.08333333333333333,0.375,0.5416666666666666,10.15625,17.75,4,48,0.039501,3.0,12.0,0,C,Y,24,243.75,3.042370678450741
7211004185,4,3,0,7,0.0,0.5714285714285714,0.42857142857142855,5.642857142857143,9.428571428571427,4,48,0.039501,3.1,12.4,1,C,Z,7,39.5,3.042370678450741
7211004194,1,0,0,1,0.0,1.0,0.0,2.0,12.0,2,30,0.04973175000000001,5.0,10.0,1,C,Z,1,2.0,3.83034399098865
7211004195,1,0,0,1,0.0,1.0,0.0,2.0,12.0,1,30,0.0549,6.6,6.6,1,C,Z,1,2.0,4.228403084654709
7211004196,20,0,0,20,0.0,1.0,0.0,3.55,12.0,1,30,0.04592,6.9,6.9,1,C,Z,20,71.0,3.53676265295709
7211004200,12,98,1,111,0.009009009009009009,0.10810810810810811,0.8828828828828829,2.8603603603603602,7.675675675675675,4,72,0.02697,2.2,8.8,0,C,X,111,317.5,2.077231897871357
7211004214,1,2,0,3,0.0,0.3333333333333333,0.6666666666666666,3.5,8.0,4,32,0.03378375,3.3,13.2,1,C,Z,3,10.5,2.6020275539381337
7211004284,89,0,7,96,0.07291666666666667,0.9270833333333334,0.0,5.6875,19.875,1,24,0.057798,6.7,6.7,1,C,X,96,546.0,4.451607313057794
7211004307,0,5,0,5,0.0,0.0,1.0,1.1333333333333333,6.0,3,189,0.009276666666666667,1.233333333333333,3.7,0,C,Z,5,5.666666666666667,0.714489725840562
7211004311,0,3,1,4,0.25,0.0,0.75,20.5,34.5,3,72,0.020769,2.163333333333334,6.49,0,C,Z,4,82.0,1.59963030355544
7211004327,46,26,0,72,0.0,0.6388888888888888,0.3611111111111111,2.1597222222222223,9.833333333333332,2,32,0.04588,4.9,9.8,1,C,Y,72,155.5,3.5336818492524236
7211004358,1,18,0,19,0.0,0.05263157894736842,0.9473684210526315,1.2105263157894737,6.315789473684211,3,72,0.020769,2.315,6.945,0,C,Z,19,23.0,1.59963030355544
7211004427,1,14,0,15,0.0,0.06666666666666667,0.9333333333333333,1.222222222222222,6.3999999999999995,3,72,0.02622,3.0,9.0,0,C,Z,15,18.333333333333332,2.019466828408861
7211004496,3,0,0,3,0.0,1.0,0.0,1.0,12.0,1,18,0.07829775,9.7,9.7,2,C,Z,3,3.0,6.030499956676198
7211004515,148,0,2,150,0.013333333333333334,0.9866666666666667,0.0,5.12,13.44,1,24,0.053428,8.0,8.0,1,C,X,150,768.0,4.1150295083229835
7211004524,10,49,0,59,0.0,0.1694915254237288,0.8305084745762712,2.2542372881355934,7.016949152542373,4,48,0.0342225,3.625,14.5,1,C,Y,59,133.0,2.635820119573694
7211004534,25,0,0,25,0.0,1.0,0.0,4.44,12.0,1,45,0.039008,4.0,4.0,1,C,Y,25,111.0,3.004399772790727
7211004545,467,88,0,555,0.0,0.8414414414414414,0.15855855855855855,3.8063063063063063,11.048648648648648,2,36,0.03843000000000001,5.3,10.6,1,B,X,555,2112.5,0.9035549703752471
7211004596,113,396,0,509,0.0,0.2220039292730845,0.7779960707269156,2.4484282907662083,7.332023575638507,4,48,0.039501,4.55,18.2,1,B,X,509,1246.25,0.9287360105332456
7211004640,537,0,0,537,0.0,1.0,0.0,2.543761638733706,12.0,1,40,0.043659,8.0,8.0,1,B,X,537,1366.0,1.0264976958525347
7211004776,3,0,0,3,0.0,1.0,0.0,1.3333333333333333,12.0,1,16,0.102131,9.0,9.0,2,C,Z,3,4.0,7.8661390790322425
7211004800,3,3,0,6,0.0,0.5,0.5,1.5,9.0,2,40,0.035392,4.5,9.0,1,C,Z,6,9.0,2.725895117888879
7211004825,4,0,0,4,0.0,1.0,0.0,1.0,12.0,1,16,0.102131,9.0,9.0,2,C,Z,4,4.0,7.8661390790322425
7211004888,9,8,1,18,0.05555555555555555,0.5,0.4444444444444444,6.361111111111111,15.333333333333332,2,30,0.0446555,5.0,10.0,1,C,Z,18,114.5,3.439370745843322
7211004889,3,1,0,4,0.0,0.75,0.25,7.125,10.5,2,30,0.043617,5.0,10.0,1,C,Z,4,28.5,3.359385379660919
7211004920,39,0,0,39,0.0,1.0,0.0,3.7948717948717947,12.0,1,36,0.03788800000000001,4.7,4.7,1,C,Y,39,148.0,2.918137269060067
7211004924,178,187,0,365,0.0,0.4876712328767123,0.5123287671232877,2.0424657534246577,8.926027397260274,2,30,0.045408,6.2,12.4,1,C,X,365,745.5,3.497328365537359
7211004935,1,5,0,6,0.0,0.16666666666666666,0.8333333333333334,1.0833333333333333,7.0,2,40,0.03584,4.4,8.8,1,C,Z,6,6.5,2.7604001193811434
7211004944,0,21,0,21,0.0,0.0,1.0,1.130952380952381,6.0,4,120,0.01653,2.0,8.0,0,C,Z,21,23.75,1.2731421309534123
7211004987,1,0,0,1,0.0,1.0,0.0,1.0,12.0,1,25,0.07511000000000001,12.0,12.0,2,C,Z,1,1.0,5.784979156437436
7211004996,7,14,0,21,0.0,0.3333333333333333,0.6666666666666666,1.8333333333333333,8.0,2,50,0.026496,5.5,11.0,1,C,Z,21,38.5,2.0407243739710594
7211005095,142,471,0,613,0.0,0.23164763458401305,0.768352365415987,3.0244698205546494,7.389885807504078,4,56,0.020832,3.0,12.0,0,B,X,613,1854.0,0.4897959183673469
7211005118,1,0,0,1,0.0,1.0,0.0,1.0,12.0,1,24,0.060236,7.0,7.0,1,C,Z,1,1.0,4.639382298857214
7211005120,31,0,3,34,0.08823529411764706,0.9117647058823529,0.0,8.264705882352942,21.529411764705884,1,24,0.066924,8.0,8.0,1,C,Y,34,281.0,5.154492678277445
7211005180,4,14,0,18,0.0,0.2222222222222222,0.7777777777777778,1.4166666666666667,7.333333333333334,2,40,0.03712,4.65,9.3,1,C,Z,18,25.5,2.85898583793047
7211005205,6,0,0,6,0.0,1.0,0.0,2.5,12.0,1,24,0.05760000000000001,9.0,9.0,2,C,Z,6,15.0,4.436357334719696
7211005213,80,227,1,308,0.003246753246753247,0.2597402597402597,0.737012987012987,3.44724025974026,7.928571428571429,4,48,0.03762,10.5,21.0,2,B,X,308,1061.75,0.8845104862221387
7211005232,48,21,0,69,0.0,0.6956521739130435,0.30434782608695654,3.1159420289855073,10.173913043478262,2,30,0.047872,6.5,14.0,1,C,Y,69,215.0,3.687105873744813
7211005278,2,0,0,2,0.0,1.0,0.0,2.25,12.0,2,30,0.046368,6.0,12.0,1,C,Z,2,4.5,3.5712676544493545
7211005279,8,3,0,11,0.0,0.7272727272727273,0.2727272727272727,2.9545454545454546,10.363636363636363,2,30,0.046368,5.5,11.0,1,C,Z,11,32.5,3.5712676544493545
7211005280,9,25,0,34,0.0,0.2647058823529412,0.7352941176470589,2.676470588235294,7.588235294117648,2,36,0.0388935,,,1,C,Y,34,91.0,2.9955809721861186
7211005393,2,0,0,2,0.0,1.0,0.0,3.5,12.0,1,20,0.071775,9.0,9.0,2,C,Z,2,7.0,5.52811714756087
7211005398,0,14,0,14,0.0,0.0,1.0,0.9642857142857143,6.0,2,30,0.04973175000000001,5.0,10.0,1,C,Z,14,13.5,3.83034399098865
7211005445,0,40,0,40,0.0,0.0,1.0,0.70625,6.0,4,80,0.021056,2.75,11.0,0,C,Y,40,28.25,1.6217350701364217
7211005446,0,13,0,13,0.0,0.0,1.0,1.3076923076923077,6.0,4,80,0.021056,2.75,11.0,0,C,Z,13,17.0,1.6217350701364217
7211005447,1,12,0,13,0.0,0.07692307692307693,0.9230769230769231,1.6730769230769231,6.461538461538462,4,80,0.02068,2.75,11.0,0,C,Z,13,21.75,1.5927755153125571
7211005448,2,16,0,18,0.0,0.1111111111111111,0.8888888888888888,1.625,6.666666666666666,4,80,0.02068,2.75,11.0,0,C,Z,18,29.25,1.5927755153125571
7211005459,8,0,0,8,0.0,1.0,0.0,2.375,12.0,1,45,0.033792,3.0,3.0,0,C,Z,8,19.0,2.602662969702221
7211419108,82,0,1,83,0.012048192771084338,0.9879518072289156,0.0,3.325301204819277,13.301204819277109,1,24,0.054872,5.5,5.5,1,C,Y,83,276.0,4.226246522061443
7211419286,213,0,1,214,0.004672897196261682,0.9953271028037384,0.0,3.088785046728972,12.504672897196262,1,24,0.06364,7.8,7.8,1,C,X,214,661.0,4.90155869412433
7211419330,4,30,0,34,0.0,0.11764705882352941,0.8823529411764706,1.7720588235294117,6.705882352941176,4,96,0.019008,2.125,8.5,0,C,Y,34,60.25,1.4639979204574993
7211419352,109,412,0,521,0.0,0.2092130518234165,0.7907869481765835,2.406429942418426,7.255278310940499,4,88,0.0160425,,,1,B,X,521,1253.75,0.3771865889212828
7211419374,2,0,0,2,0.0,1.0,0.0,2.0,12.0,1,24,0.0704,7.6,7.6,1,C,Z,2,4.0,5.422214520212961
7211419390,157,0,0,157,0.0,1.0,0.0,5.32484076433121,12.0,1,28,0.05265,6.0,6.0,1,B,X,157,836.0,1.2378914699520362
7211419432,93,264,0,357,0.0,0.2605042016806723,0.7394957983193278,2.3744164332399627,7.563025210084034,3,162,0.01048666666666667,,,1,B,X,357,847.6666666666666,0.2465594532743974
7211419468,157,303,0,460,0.0,0.34130434782608693,0.658695652173913,2.686231884057971,8.047826086956523,3,162,0.01048666666666667,,,1,B,X,460,1235.6666666666667,0.2465594532743974
7211419476,1,22,0,23,0.0,0.043478260869565216,0.9565217391304348,1.2463768115942029,6.260869565217392,3,126,0.013,1.333333333333333,4.0,0,C,Z,23,28.666666666666668,1.0012612040165978
7211419479,0,3,0,3,0.0,0.0,1.0,1.1666666666666667,6.0,2,50,0.032,5.5,11.0,1,C,Z,3,3.5,2.464642963733164
7211419726,6,0,0,6,0.0,1.0,0.0,1.8333333333333333,12.0,1,24,0.0033078,6.0,6.0,1,C,Z,6,11.0,0.2547670623573925
7211419765,0,0,3,3,1.0,0.0,0.0,59.0,120.0,1,24,0.0684,7.0,7.0,1,C,Z,3,177.0,5.268174334979638
7212000170,2,13,0,15,0.0,0.13333333333333333,0.8666666666666667,1.5333333333333334,6.800000000000001,2,28,0.05635236,6.8,13.6,1,C,Z,15,23.0,4.340263986367443
7212000233,13,97,1,111,0.009009009009009009,0.11711711711711711,0.8738738738738738,2.2477477477477477,7.72972972972973,4,48,0.04115719125,5.0,20.0,1,C,X,111,249.5,3.1699306819166453
7212000239,0,3,0,3,0.0,0.0,1.0,1.0,6.0,8,176,0.00905063125,1.25,10.0,0,C,Z,3,3.0,0.6970804571142496
7212000240,0,3,0,3,0.0,0.0,1.0,0.5,6.0,8,176,0.0098581875,1.375,11.0,0,C,Z,3,1.5,0.7592785142824134
7212000245,1,3,0,4,0.0,0.25,0.75,6.75,7.5,4,36,0.04499676900000001,4.775,19.1,1,C,Z,4,27.0,3.465655315830518
7212000246,1,1,0,2,0.0,0.5,0.5,1.5,9.0,2,32,0.04872818750000001,6.75,13.5,1,C,Z,2,3.0,3.7530495142920417
7212000261,2,8,2,12,0.16666666666666666,0.16666666666666666,0.6666666666666666,11.5625,26.0,4,48,0.03756026025,4.5,18.0,1,C,Z,12,138.75,2.8928947231609046
8000035866,0,1,0,1,0.0,0.0,1.0,1.0,6.0,4,240,0.00528525,1.025,4.1,0,C,Z,1,1.0,0.4070704445022095
8010000564,1,1,0,2,0.0,0.5,0.5,2.75,9.0,2,90,0.02093,2.5,5.0,0,C,Z,2,5.5,1.6120305384667226
8010000653,129,85,0,214,0.0,0.602803738317757,0.397196261682243,1.9906542056074767,9.616822429906541,2,80,0.02322,3.0,6.0,0,C,X,214,426.0,1.788406550558877
8010001050,0,8,0,8,0.0,0.0,1.0,1.0,6.0,6,300,0.00504,1.233333333333333,7.4,0,C,Z,8,8.0,0.3881812667879733
8010001304,0,5,0,5,0.0,0.0,1.0,1.475,6.0,8,360,0.004452,0.875,7.0,0,C,Z,5,7.375,0.34289345232937646
8010001306,0,6,0,6,0.0,0.0,1.0,0.9375,6.0,8,360,0.004452,0.875,7.0,0,C,Z,6,5.625,0.34289345232937646
8010001360,20,0,0,20,0.0,1.0,0.0,5.45,12.0,1,35,0.04896,6.0,6.0,1,C,Z,20,109.0,3.7709037345117404
