sku_code,abc_class,xyz_class,zone_assignment,sub_tier,rank_in_zone,travel_contribution,composite_score,pallet_share,carton_share,loose_share,ergonomic_penalty,baseline_pick_time_sec,cbm_incl_flap_m3,pcs_weight_kg,avg_qty_per_order,a_door_pinned
4200007858,A,X,Pick-Face Zone (Ground Level),A1,1,210,0.39579920184835116,0.4857142857142857,0.5142857142857142,0.0,1,64.45714285714286,0.1026,4.5,35.56666666666667,False
4200009382,A,X,Pick-Face Zone (Ground Level),A1,2,127,0.49693341734929636,0.6850393700787402,0.31496062992125984,0.0,1,85.98425196850393,0.095,5.0,41.36220472440945,False
4200008372,A,X,Pick-Face Zone (Ground Level),A1,3,116,0.5439473499964993,0.4396551724137931,0.5603448275862069,0.0,1,59.48275862068966,0.1026,3.2,31.939655172413794,False
4200008229,A,X,Pick-Face Zone (Ground Level),A2,4,825,0.20435438983406848,0.024242424242424242,0.9757575757575757,0.0,1,14.618181818181817,0.041405,3.8,6.797575757575758,True
4200008371,A,X,Pick-Face Zone (Ground Level),A2,5,682,0.25712910452986065,0.026392961876832845,0.9736070381231672,0.0,1,14.850439882697948,0.0675,4.2,4.919354838709677,True
4200008117,A,X,Pick-Face Zone (Ground Level),A2,6,666,0.25990994538962403,0.01951951951951952,0.9804804804804805,0.0,1,14.108108108108109,0.041405,3.8,6.055555555555555,True
4200008102,A,X,Pick-Face Zone (Ground Level),A2,7,514,0.29074074074074074,0.16342412451361868,0.8365758754863813,0.0,1,29.64980544747082,0.050784,4.0,24.663424124513618,True
4200008366,A,X,Pick-Face Zone (Ground Level),A2,8,680,0.3242193516768186,0.014705882352941176,0.9852941176470589,0.0,1,13.588235294117649,0.1045,3.2,4.173529411764706,True
4200009625,A,X,Pick-Face Zone (Ground Level),A2,9,102,0.3691692046488833,0.17647058823529413,0.8235294117647058,0.0,0,31.058823529411768,0.041405,3.0,25.352941176470587,False
4100000722,A,Z,Pick-Face Zone (Ground Level),A2,10,11,0.6961151368760065,0.0,1.0,0.0,1,12.0,0.06334200000000001,,632.7272727272727,False
4200009163,A,X,Pick-Face Zone (Ground Level),A3,11,267,0.3312031786039347,0.8614232209737828,0.13857677902621723,0.0,1,105.03370786516854,0.0675,4.5,202.87265917602997,False
4200008999,A,X,Pick-Face Zone (Ground Level),A3,12,170,0.341000665126374,0.5,0.4588235294117647,0.041176470588235294,1,65.75294117647059,0.04675000000000001,5.0,54.93333333333333,False
4200000163,A,X,Pick-Face Zone (Ground Level),A3,13,161,0.3703703703703704,0.6832298136645962,0.3167701863354037,0.0,1,85.7888198757764,0.055016,3.5,66.56521739130434,False
4200009000,A,X,Pick-Face Zone (Ground Level),A3,14,150,0.37803770216341104,0.4666666666666667,0.5333333333333333,0.0,1,62.4,0.04675000000000001,5.0,90.2,False
4200009001,A,X,Pick-Face Zone (Ground Level),A3,15,147,0.3844132885248197,0.2585034013605442,0.7278911564625851,0.013605442176870748,1,39.83673469387755,0.03750000000000001,4.0,36.326530612244895,False
4200008101,A,X,Pick-Face Zone (Ground Level),A3,16,131,0.41614331723027376,0.5343511450381679,0.46564885496183206,0.0,1,69.70992366412214,0.047564,4.0,52.29770992366412,False
1830009179,A,Y,Pick-Face Zone (Ground Level),A3,17,28,0.43310207064342227,0.10714285714285714,0.5,0.39285714285714285,0,21.21428571428571,0.0054665,1.0,90.32142857142857,False
4200009002,A,X,Pick-Face Zone (Ground Level),A3,18,113,0.4770058811174124,0.168141592920354,0.7433628318584071,0.08849557522123894,1,29.628318584070797,0.03750000000000001,4.0,26.495575221238937,False
4200007859,A,X,Pick-Face Zone (Ground Level),A3,19,126,0.47935132675208286,0.4523809523809524,0.5476190476190477,0.0,1,60.857142857142854,0.0675,5.6,41.54761904761905,False
4200008113,A,X,Pick-Face Zone (Ground Level),A3,20,102,0.520277340194637,0.4215686274509804,0.5784313725490197,0.0,1,57.529411764705884,0.0563558,4.5,42.92156862745098,False
4200009023,A,X,Pick-Face Zone (Ground Level),A3,21,92,0.5376877231674018,0.2717391304347826,0.7282608695652174,0.0,1,41.34782608695652,0.041405,3.8,31.945652173913043,False
4200000164,A,Y,Pick-Face Zone (Ground Level),A3,22,89,0.5738627214170693,0.42696629213483145,0.5730337078651685,0.0,1,58.1123595505618,0.054855,4.0,52.57303370786517,False
4200008122,A,Y,Pick-Face Zone (Ground Level),A3,23,88,0.5747247602044389,0.38636363636363635,0.6136363636363636,0.0,1,53.72727272727272,0.041405,3.8,44.72727272727273,False
4200008737,A,Y,Pick-Face Zone (Ground Level),A3,24,77,0.5790088085486242,0.35064935064935066,0.6493506493506493,0.0,1,49.87012987012987,0.03056175,3.5,58.23376623376623,False
4200008736,A,Y,Pick-Face Zone (Ground Level),A3,25,57,0.5975273270671427,0.3157894736842105,0.6666666666666666,0.017543859649122806,1,46.0,0.03056175,3.5,44.59649122807018,False
4200009226,A,Y,Pick-Face Zone (Ground Level),A3,26,27,0.6781148261919765,0.8888888888888888,0.1111111111111111,0.0,1,107.99999999999999,0.06373675000000001,3.8,99.5925925925926,False
4100000738,A,Z,Pick-Face Zone (Ground Level),A3,27,5,0.7078703703703704,1.0,0.0,0.0,1,120.0,0.05819000000000001,7.0,624.0,False
4100000838,A,Z,Pick-Face Zone (Ground Level),A3,28,4,0.7166666666666667,0.0,0.0,1.0,1,6.0,,,688.0,False
4200008262,B,X,Forward Reserve Zone,B1,1,403,0.39773784362156217,0.02729528535980149,0.9727047146401985,0.0,1,14.94789081885856,0.090896,3.9,5.086848635235732,False
4200009453,B,X,Forward Reserve Zone,B1,2,137,0.4622278210338222,0.24087591240875914,0.7591240875912408,0.0,1,38.01459854014598,0.07327800000000001,7.0,11.81021897810219,False
4200008260,B,X,Forward Reserve Zone,B1,3,109,0.5017015052443485,0.3211009174311927,0.6788990825688074,0.0,1,46.67889908256881,0.07327800000000001,5.9,18.706422018348626,False
4200009004,B,Y,Forward Reserve Zone,B1,4,70,0.5812059774188598,0.3142857142857143,0.6857142857142857,0.0,1,45.94285714285714,0.04845,5.25,29.228571428571428,False
1830008176,B,X,Forward Reserve Zone,B1,5,332,0.6286180374405401,0.02710843373493976,0.9728915662650602,0.0,2,14.927710843373493,0.117312525,16.0,2.5240963855421685,False
4200009008,B,Y,Forward Reserve Zone,B1,6,71,0.6591794661109653,0.5352112676056338,0.4647887323943662,0.0,1,69.80281690140845,0.10659,5.0,23.859154929577464,False
4200000157,B,X,Forward Reserve Zone,B1,7,123,0.6692052299940107,0.22764227642276422,0.7723577235772358,0.0,2,36.58536585365854,0.0928395,11.0,12.203252032520325,False
4200009620,B,Y,Forward Reserve Zone,B1,8,68,0.6792411410356041,0.45588235294117646,0.5441176470588235,0.0,1,61.23529411764706,0.1026,4.5,29.926470588235293,False
4200009294,B,Z,Forward Reserve Zone,B1,9,1,0.7232781591899433,1.0,0.0,0.0,1,120.0,0.04675000000000001,5.0,921.0,False
7211005095,B,X,Forward Reserve Zone,B2,10,613,0.0326530612244898,0.0,0.23164763458401305,0.768352365415987,0,7.389885807504078,0.020832,3.0,3.0244698205546494,True
2100122707,B,X,Forward Reserve Zone,B2,11,487,0.08001405752696422,0.0,0.39630390143737165,0.6036960985626283,0,8.377823408624229,0.009075000000000001,1.1,3.106776180698152,False
2100122708,B,X,Forward Reserve Zone,B2,12,437,0.10038334397547521,0.0,0.13272311212814644,0.8672768878718535,0,6.7963386727688775,0.00528125,1.0,3.2494279176201375,False
2100122710,B,X,Forward Reserve Zone,B2,13,354,0.1460880228880298,0.0,0.12146892655367232,0.8785310734463276,0,6.728813559322033,0.0092565,1.1,3.7038606403013183,False
2100118817,B,X,Forward Reserve Zone,B2,14,181,0.17930367393137223,0.0,0.10497237569060773,0.8950276243093923,0,6.629834254143646,0.005264,0.7000000000000001,4.406077348066298,False
7211419352,B,X,Forward Reserve Zone,B2,15,521,0.2146194568052785,0.0,0.2092130518234165,0.7907869481765835,1,7.255278310940499,0.0160425,,2.406429942418426,True
7211004545,B,X,Forward Reserve Zone,B2,16,555,0.2233948927618586,0.0,0.8414414414414414,0.15855855855855855,1,11.048648648648648,0.03843000000000001,5.3,3.8063063063063063,True
7211004640,B,X,Forward Reserve Zone,B2,17,537,0.24474896919718653,0.0,1.0,0.0,1,12.0,0.043659,8.0,2.543761638733706,True
7211419468,B,X,Forward Reserve Zone,B2,18,460,0.24538466530601244,0.0,0.34130434782608693,0.658695652173913,1,8.047826086956523,0.01048666666666667,,2.686231884057971,False
7211004596,B,X,Forward Reserve Zone,B2,19,509,0.2645473129829181,0.0,0.2220039292730845,0.7779960707269156,1,7.332023575638507,0.039501,4.55,2.4484282907662083,True
7211419432,B,X,Forward Reserve Zone,B2,20,357,0.28485834951653877,0.0,0.2605042016806723,0.7394957983193278,1,7.563025210084034,0.01048666666666667,,2.3744164332399627,False
7211419390,B,X,Forward Reserve Zone,B2,21,157,0.4167366243125919,0.0,1.0,0.0,1,12.0,0.05265,6.0,5.32484076433121,False
4200009380,B,X,Forward Reserve Zone,B2,22,131,0.466329005528964,0.08396946564885496,0.916030534351145,0.0,1,21.068702290076338,0.0675,5.6,10.938931297709924,False
4200008107,B,X,Forward Reserve Zone,B2,23,106,0.4796012414182263,0.12264150943396226,0.8773584905660378,0.0,1,25.245283018867923,0.050784,3.9,14.433962264150944,False
7211004136,B,Y,Forward Reserve Zone,B2,24,86,0.48391873363461313,0.046511627906976744,0.9534883720930233,0.0,1,17.02325581395349,0.045144,7.1,11.337209302325581,False
4200009617,B,Y,Forward Reserve Zone,B2,25,80,0.5077120192405525,0.1625,0.7,0.1375,1,28.724999999999998,0.05192916666666667,5.600000000000001,19.3375,False
7211005213,B,X,Forward Reserve Zone,B2,26,308,0.5168621025902478,0.003246753246753247,0.2597402597402597,0.737012987012987,2,7.928571428571429,0.03762,10.5,3.44724025974026,False
4200009005,B,Y,Forward Reserve Zone,B2,27,77,0.5285743984714913,0.2857142857142857,0.6883116883116883,0.025974025974025976,1,42.701298701298704,0.04845,5.25,25.681818181818183,False
4200000156,B,Y,Forward Reserve Zone,B2,28,73,0.5414885139115069,0.136986301369863,0.8082191780821918,0.0547945205479452,1,26.46575342465753,0.0399,4.4,25.383561643835616,False
4200009655,B,Y,Forward Reserve Zone,B2,29,80,0.5452763739500166,0.1125,0.8875,0.0,1,24.15,0.0675,7.0,21.6375,False
4200009019,B,Y,Forward Reserve Zone,B2,30,75,0.5463954487931482,0.14666666666666667,0.7866666666666666,0.06666666666666667,1,27.439999999999998,0.05142500000000001,5.399999999999999,16.8,False
4200009006,B,Y,Forward Reserve Zone,B2,31,64,0.5921521215811089,0.078125,0.859375,0.0625,1,20.0625,0.03025,4.4,21.125,False
4200009007,B,Y,Forward Reserve Zone,B2,32,56,0.6053100163179509,0.125,0.8035714285714286,0.07142857142857142,1,25.07142857142857,0.03025,4.4,32.46785714285714,False
4200009618,B,Y,Forward Reserve Zone,B2,33,66,0.6129751771352894,0.19696969696969696,0.5606060606060606,0.24242424242424243,1,31.818181818181817,0.05192916666666667,5.600000000000001,18.393939393939394,False
4200009010,B,Y,Forward Reserve Zone,B2,34,50,0.6316258057916352,0.16,0.72,0.12,1,28.56,0.03025,4.8,35.32,False
4200009022,B,Y,Forward Reserve Zone,B2,35,52,0.6359527851887784,0.17307692307692307,0.8269230769230769,0.0,1,30.692307692307693,0.041405,3.8,19.25,False
4200009621,B,Y,Forward Reserve Zone,B2,36,48,0.6640350877192982,0.0,0.0,1.0,1,6.0,,,28.291666666666668,False
4200008734,B,Y,Forward Reserve Zone,B2,37,38,0.6648579562797712,0.13157894736842105,0.868421052631579,0.0,1,26.210526315789473,0.0346625,3.875,27.31578947368421,False
4200008735,B,Y,Forward Reserve Zone,B2,38,37,0.6780158510166132,0.16216216216216217,0.7837837837837838,0.05405405405405406,1,29.189189189189186,0.0346625,3.875,21.83783783783784,False
4200008695,B,Y,Forward Reserve Zone,B2,39,36,0.6856453592836601,0.2222222222222222,0.7777777777777778,0.0,1,36.0,0.0311355,4.0,61.25,False
2100118818,C,X,Reserve / Bulk Zone,C1,1,160,0.04307301978970929,0.0,0.44375,0.55625,0,8.6625,0.007177500000000001,0.975,3.3890625,False
1830008982,C,X,Reserve / Bulk Zone,C1,2,123,0.04530247126726647,0.0,0.008130081300813009,0.991869918699187,0,6.048780487804878,0.006885,1.333333333333333,0.7181571815718156,False
2100118819,C,X,Reserve / Bulk Zone,C1,3,186,0.046121825190350504,0.0,0.3279569892473118,0.6720430107526881,0,7.967741935483871,0.0080135,1.1,2.9086021505376345,False
1830009281,C,X,Reserve / Bulk Zone,C1,4,109,0.05842855429246756,0.0,0.13761467889908258,0.8623853211009175,0,6.825688073394495,0.008714666666666667,1.5,2.319571865443425,False
2100140775,C,Y,Reserve / Bulk Zone,C1,5,49,0.06621456878160105,0.0,0.22448979591836735,0.7755102040816326,0,7.346938775510203,0.003933,0.6666666666666666,4.108843537414965,False
2100120064,C,Y,Reserve / Bulk Zone,C1,6,63,0.06765615213077666,0.0,0.19047619047619047,0.8095238095238095,0,7.142857142857143,0.007605,1.0,2.7037037037037037,False
2100112291,C,Y,Reserve / Bulk Zone,C1,7,82,0.06856573643350702,0.0,0.024390243902439025,0.975609756097561,0,6.146341463414634,0.009720000000000001,1.402,2.3495934959349594,False
2100120952,C,Y,Reserve / Bulk Zone,C1,8,58,0.07282373333919606,0.0,0.1896551724137931,0.8103448275862069,0,7.137931034482758,0.007400250000000001,1.25,2.831896551724138,False
7115900325,C,Y,Reserve / Bulk Zone,C1,9,37,0.07341292826640114,0.0,0.02702702702702703,0.972972972972973,0,6.162162162162163,0.001943666666666667,0.35,2.6869369369369367,False
1830008321,C,Y,Reserve / Bulk Zone,C1,10,57,0.07616823745984286,0.0,0.08771929824561403,0.9122807017543859,0,6.526315789473683,0.007809375,1.7,1.564327485380117,False
7115900974,C,Y,Reserve / Bulk Zone,C1,11,50,0.07880411761166121,0.0,0.04,0.96,0,6.24,0.006869333333333334,0.5,0.99,False
2100131964,C,Y,Reserve / Bulk Zone,C1,12,46,0.07961212049103758,0.0,0.10869565217391304,0.8913043478260869,0,6.6521739130434785,0.0063,1.0,2.1340579710144927,False
2100111903,C,Y,Reserve / Bulk Zone,C1,13,35,0.08400866016220489,0.0,0.0,1.0,0,6.0,0.003765,0.5,1.2523809523809524,False
7115900326,C,Y,Reserve / Bulk Zone,C1,14,34,0.08616246861658741,0.0,0.029411764705882353,0.9705882352941176,0,6.1764705882352935,0.0037,0.5900000000000001,1.7029411764705882,False
7211003822,C,Y,Reserve / Bulk Zone,C1,15,79,0.08767936928207838,0.0,0.17721518987341772,0.8227848101265823,0,7.063291139240507,0.012958,2.0,2.3333333333333335,False
2100131961,C,Y,Reserve / Bulk Zone,C1,16,51,0.08858946609413149,0.0,0.1568627450980392,0.8431372549019608,0,6.9411764705882355,0.009744000000000001,1.25,1.9901960784313726,False
2100131962,C,Y,Reserve / Bulk Zone,C1,17,59,0.08921388925171675,0.0,0.11864406779661017,0.8813559322033898,0,6.711864406779661,0.011319,1.5,1.5635593220338984,False
2100112288,C,Y,Reserve / Bulk Zone,C1,18,50,0.0897100150404722,0.0,0.02,0.98,0,6.12,0.009720000000000001,1.377,2.3866666666666667,False
2100112289,C,Y,Reserve / Bulk Zone,C1,19,43,0.09091435207637405,0.0,0.11627906976744186,0.8837209302325582,0,6.6976744186046515,0.00729,1.046833333333333,3.2751937984496124,False
2100122706,C,Y,Reserve / Bulk Zone,C1,20,45,0.09437616415255298,0.0,0.06666666666666667,0.9333333333333333,0,6.3999999999999995,0.008448666666666667,1.0,2.0814814814814815,False
2027451120,C,Z,Reserve / Bulk Zone,C1,21,23,0.09511656689259707,0.0,0.0,1.0,0,6.0,0.00011475,0.03125,1.75,False
2100112229,C,Y,Reserve / Bulk Zone,C1,22,45,0.0968002510241924,0.0,0.17777777777777778,0.8222222222222222,0,7.066666666666666,0.009163000000000001,1.0,3.6296296296296293,False
2100124960,C,Y,Reserve / Bulk Zone,C1,23,39,0.09776876671433003,0.0,0.1794871794871795,0.8205128205128205,0,7.076923076923077,0.007656,1.166666666666667,3.0982905982905984,False
2100120061,C,Y,Reserve / Bulk Zone,C1,24,44,0.09992964731838597,0.0,0.5681818181818182,0.4318181818181818,0,9.40909090909091,0.009288,1.0,4.636363636363637,False
2100136213,C,Y,Reserve / Bulk Zone,C1,25,50,0.10458635252814863,0.0,0.12,0.88,0,6.720000000000001,0.012375,1.75,1.79,False
7115900500,C,Y,Reserve / Bulk Zone,C1,26,34,0.10795178730601263,0.0,0.029411764705882353,0.9705882352941176,0,6.1764705882352935,0.007701333333333334,1.3,1.6715686274509804,False
7115900499,C,Y,Reserve / Bulk Zone,C1,27,31,0.10806021815302591,0.0,0.06451612903225806,0.9354838709677419,0,6.387096774193548,0.006511291666666666,1.133333333333333,1.8870967741935485,False
2100121732,C,Z,Reserve / Bulk Zone,C1,28,21,0.10912770003202943,0.0,0.047619047619047616,0.9523809523809523,0,6.285714285714285,0.0009056250000000001,0.125,9.453373015873016,False
2100132120,C,Y,Reserve / Bulk Zone,C1,29,46,0.10926861375185132,0.0,0.08695652173913043,0.9130434782608695,0,6.521739130434782,0.0118335,1.75,1.4293478260869565,False
2100136212,C,Y,Reserve / Bulk Zone,C1,30,41,0.10993437054682687,0.0,0.12195121951219512,0.8780487804878049,0,6.731707317073171,0.010752,1.5,1.8475609756097562,False
2100122709,C,Y,Reserve / Bulk Zone,C1,31,30,0.11372583548479478,0.0,0.13333333333333333,0.8666666666666667,0,6.800000000000001,0.006888000000000001,1.083333333333333,2.972222222222222,False
1830009219,C,Y,Reserve / Bulk Zone,C1,32,63,0.11516608966259596,0.0,0.09523809523809523,0.9047619047619048,0,6.571428571428571,0.0171,2.5,1.8571428571428572,False
1830009258,C,Z,Reserve / Bulk Zone,C1,33,23,0.11953597405917299,0.0,0.0,1.0,0,6.0,0.005355,1.573,0.3423913043478261,False
8010000653,C,X,Reserve / Bulk Zone,C1,34,214,0.12171466555964655,0.0,0.602803738317757,0.397196261682243,0,9.616822429906541,0.02322,3.0,1.9906542056074767,False
2100131959,C,Y,Reserve / Bulk Zone,C1,35,25,0.12697805248277477,0.0,0.08,0.92,0,6.48,0.0085,1.5,1.16,False
2100118816,C,Y,Reserve / Bulk Zone,C1,36,30,0.1283969728612902,0.0,0.16666666666666666,0.8333333333333334,0,7.0,0.0099875,1.25,2.658333333333333,False
2100129888,C,Z,Reserve / Bulk Zone,C1,37,23,0.12945184397740955,0.0,0.43478260869565216,0.5652173913043478,0,8.608695652173914,0.006075000000000001,0.75,7.108695652173913,False
1830007745,C,Y,Reserve / Bulk Zone,C1,38,28,0.13538113138971597,0.0,0.03571428571428571,0.9642857142857143,0,6.214285714285714,0.010621,1.666666666666667,1.0595238095238095,False
2100112226,C,Y,Reserve / Bulk Zone,C1,39,30,0.13575120143920283,0.0,0.16666666666666666,0.8333333333333334,0,7.0,0.011662,1.4,1.95,False
2100112225,C,Z,Reserve / Bulk Zone,C1,40,23,0.13941158453401414,0.0,0.0,1.0,0,6.0,0.008499166666666667,1.233333333333333,1.0942028985507246,False
2100136883,C,Y,Reserve / Bulk Zone,C1,41,24,0.14130350950577864,0.0,0.7083333333333334,0.2916666666666667,0,10.25,0.01056325,1.5,12.3125,False
7115900926,C,Z,Reserve / Bulk Zone,C1,42,20,0.14222065451847138,0.0,0.05,0.95,0,6.299999999999999,0.005655,0.6666666666666666,1.0333333333333334,False
7211003299,C,X,Reserve / Bulk Zone,C1,43,101,0.14440740402580382,0.0,0.009900990099009901,0.9900990099009901,0,6.0594059405940595,0.025217192,3.0,1.5544554455445545,False
1510001949,C,Z,Reserve / Bulk Zone,C1,44,22,0.14474528023219452,0.0,0.13636363636363635,0.8636363636363636,0,6.818181818181818,0.008569,1.25,1.375,False
7211003302,C,Y,Reserve / Bulk Zone,C1,45,29,0.1464052064943968,0.0,0.034482758620689655,0.9655172413793104,0,6.206896551724138,0.01301021866666667,2.75,0.8448275862068966,False
7211004200,C,X,Reserve / Bulk Zone,C1,46,111,0.1496761563755034,0.009009009009009009,0.10810810810810811,0.8828828828828829,0,7.675675675675675,0.02697,2.2,2.8603603603603602,False
2100111905,C,Z,Reserve / Bulk Zone,C1,47,19,0.1511636907357809,0.0,0.0,1.0,0,6.0,0.00667,0.8333333333333334,1.2719298245614035,False
7115900757,C,Z,Reserve / Bulk Zone,C1,48,20,0.15355521729940255,0.0,0.1,0.9,0,6.6000000000000005,0.0081046875,1.333333333333333,2.291666666666667,False
2100112230,C,Z,Reserve / Bulk Zone,C1,49,23,0.1555887058081053,0.0,0.043478260869565216,0.9565217391304348,0,6.260869565217392,0.0114075,1.5,1.423913043478261,False
2100136188,C,Z,Reserve / Bulk Zone,C1,50,17,0.15803551632129045,0.0,0.4117647058823529,0.5882352941176471,0,8.470588235294118,0.005586000000000001,0.75,5.279411764705882,False
2100124959,C,Z,Reserve / Bulk Zone,C1,51,16,0.15835505630441787,0.0,0.0625,0.9375,0,6.375,0.005406,1.0,1.8854166666666665,False
7115900916,C,Z,Reserve / Bulk Zone,C1,52,19,0.16452529973532967,0.0,0.0,1.0,0,6.0,0.009030000000000002,1.333333333333333,2.008771929824561,False
7211005445,C,Y,Reserve / Bulk Zone,C1,53,40,0.16532960169068683,0.0,0.0,1.0,0,6.0,0.021056,2.75,0.70625,False
7115900943,C,Z,Reserve / Bulk Zone,C1,54,16,0.16607209597968048,0.0,0.0,1.0,0,6.0,0.005940000000000001,1.0,1.0104166666666667,False
7211419476,C,Z,Reserve / Bulk Zone,C1,55,23,0.16625323449662893,0.0,0.043478260869565216,0.9565217391304348,0,6.260869565217392,0.013,1.333333333333333,1.2463768115942029,False
2100136851,C,Z,Reserve / Bulk Zone,C1,56,15,0.1669692475406777,0.0,0.26666666666666666,0.7333333333333333,0,7.6,0.004661333333333334,0.8333333333333334,4.977777777777778,False
7211419330,C,Y,Reserve / Bulk Zone,C1,57,34,0.16973916484642038,0.0,0.11764705882352941,0.8823529411764706,0,6.705882352941176,0.019008,2.125,1.7720588235294117,False
2100140776,C,Z,Reserve / Bulk Zone,C1,58,16,0.16975760081261945,0.0,0.5,0.5,0,9.0,0.006900000000000001,1.0,5.015625,False
2100129889,C,Z,Reserve / Bulk Zone,C1,59,16,0.17208241734266408,0.0,0.25,0.75,0,7.5,0.007595,1.0,4.90625,False
2100120953,C,Z,Reserve / Bulk Zone,C1,60,21,0.17255191420076638,0.0,0.5238095238095238,0.47619047619047616,0,9.142857142857142,0.0135,1.85,5.238095238095238,False
2100111904,C,Z,Reserve / Bulk Zone,C1,61,14,0.1729182482009845,0.0,0.0,1.0,0,6.0,0.004851,0.6666666666666666,1.2261904761904763,False
2100121619,C,Z,Reserve / Bulk Zone,C1,62,15,0.17402038273525652,0.0,0.26666666666666666,0.7333333333333333,0,7.6,0.0070035,1.25,2.716666666666667,False
2100124958,C,Z,Reserve / Bulk Zone,C1,63,15,0.17432314163041862,0.0,0.0,1.0,0,6.0,0.006578000000000001,1.0,1.6111111111111112,False
2100131965,C,Z,Reserve / Bulk Zone,C1,64,13,0.17866714430619626,0.0,0.07692307692307693,0.9230769230769231,0,6.461538461538462,0.004275,0.8333333333333334,2.371794871794872,False
2100118304,C,Z,Reserve / Bulk Zone,C1,65,13,0.1865772946203908,0.0,0.07692307692307693,0.9230769230769231,0,6.461538461538462,0.0063,0.8223333333333334,1.2435897435897436,False
7211004944,C,Z,Reserve / Bulk Zone,C1,66,21,0.19184131619291406,0.0,0.0,1.0,0,6.0,0.01653,2.0,1.130952380952381,False
7115900755,C,Z,Reserve / Bulk Zone,C1,67,13,0.19203027806089526,0.0,0.0,1.0,0,6.0,0.006150833333333334,1.0,1.1538461538461537,False
3110600838,C,Z,Reserve / Bulk Zone,C1,68,9,0.19651384213438772,0.0,0.0,1.0,0,6.0,0.0007260000000000001,0.08333333333333333,2.75,False
3100518440,C,Z,Reserve / Bulk Zone,C1,69,9,0.1989824295039834,0.0,0.3333333333333333,0.6666666666666666,0,8.0,0.001449,0.25,5.972222222222222,False
7115900944,C,Z,Reserve / Bulk Zone,C1,70,13,0.1990945453089934,0.0,0.0,1.0,0,6.0,0.007042166666666668,1.133333333333333,1.064102564102564,False
2100112292,C,Z,Reserve / Bulk Zone,C1,71,14,0.19916275135888015,0.0,0.14285714285714285,0.8571428571428571,0,6.857142857142857,0.009720000000000001,1.535,2.8214285714285716,False
2100134676,C,Z,Reserve / Bulk Zone,C1,72,9,0.19990034567556367,0.0,0.0,1.0,0,6.0,0.00187,0.5833333333333334,1.1481481481481481,False
2100124957,C,Z,Reserve / Bulk Zone,C1,73,15,0.199922146481008,0.0,0.2,0.8,0,7.200000000000001,0.01180575,1.75,2.4166666666666665,False
2100118820,C,Z,Reserve / Bulk Zone,C1,74,14,0.2000984520829409,0.0,0.14285714285714285,0.8571428571428571,0,6.857142857142857,0.00966,1.375,2.7142857142857144,False
2100127352,C,Z,Reserve / Bulk Zone,C1,75,13,0.20020847394409785,0.0,0.6153846153846154,0.38461538461538464,0,9.692307692307693,0.0087125,1.375,6.173076923076923,False
1830008852,C,Z,Reserve / Bulk Zone,C1,76,11,0.20057795963716066,0.0,0.0,1.0,0,6.0,0.00490875,1.25,0.9659090909090909,False
7115900919,C,Z,Reserve / Bulk Zone,C1,77,12,0.20566978925345225,0.0,0.08333333333333333,0.9166666666666666,0,6.5,0.006869333333333334,1.0,2.680555555555556,False
2100121737,C,Z,Reserve / Bulk Zone,C1,78,8,0.20637323065137206,0.0,0.0,1.0,0,6.0,0.001435,0.3055555555555556,0.6458333333333334,False
3100518418,C,Z,Reserve / Bulk Zone,C1,79,8,0.20887068858118213,0.0,0.0,1.0,0,6.0,0.000468,0.075,3.604166666666667,False
7115900972,C,Z,Reserve / Bulk Zone,C1,80,12,0.2099122192871883,0.0,0.75,0.25,0,10.5,0.007453333333333334,0.8333333333333334,11.319444444444445,False
7115900921,C,Z,Reserve / Bulk Zone,C1,81,13,0.21237076323032042,0.0,0.46153846153846156,0.5384615384615384,0,8.76923076923077,0.00987,1.25,5.384615384615385,False
2100121729,C,Z,Reserve / Bulk Zone,C1,82,11,0.2140972730241101,0.0,0.2727272727272727,0.7272727272727273,0,7.636363636363636,0.006815000000000001,1.25,6.386363636363637,False
4200000161,C,Y,Reserve / Bulk Zone,C1,83,24,0.21585373108463402,0.041666666666666664,0.9583333333333334,0.0,0,16.5,0.02484,2.0,26.791666666666668,False
2100125810,C,Z,Reserve / Bulk Zone,C1,84,8,0.21606354856952661,0.0,0.0,1.0,0,6.0,0.00308,0.6666666666666666,0.8541666666666667,False
2100118302,C,Z,Reserve / Bulk Zone,C1,85,12,0.21657568668226324,0.0,0.0,1.0,0,6.0,0.009720000000000001,1.0685,1.513888888888889,False
2100104354,C,Z,Reserve / Bulk Zone,C1,86,7,0.22100473716677854,0.0,0.0,1.0,0,6.0,0.00162,0.3333333333333333,0.9285714285714286,False
7211004358,C,Z,Reserve / Bulk Zone,C1,87,19,0.22604500531165622,0.0,0.05263157894736842,0.9473684210526315,0,6.315789473684211,0.020769,2.315,1.2105263157894737,False
1830007750,C,Z,Reserve / Bulk Zone,C1,88,10,0.22757028095425788,0.0,0.0,1.0,0,6.0,0.00847,1.573,1.2,False
2100118301,C,Z,Reserve / Bulk Zone,C1,89,11,0.2277697165330095,0.0,0.09090909090909091,0.9090909090909091,0,6.545454545454545,0.009720000000000001,1.1835,2.212121212121212,False
3100518437,C,Z,Reserve / Bulk Zone,C1,90,7,0.2293760740243559,0.0,0.0,1.0,0,6.0,0.0013125,0.1625,3.9642857142857144,False
2100121620,C,Z,Reserve / Bulk Zone,C1,91,10,0.2301719962127956,0.0,0.1,0.9,0,6.6000000000000005,0.00825,1.5,1.275,False
7211005448,C,Z,Reserve / Bulk Zone,C1,92,18,0.23180692490143417,0.0,0.1111111111111111,0.8888888888888888,0,6.666666666666666,0.02068,2.75,1.625,False
7115900945,C,Z,Reserve / Bulk Zone,C1,93,10,0.23195235061921904,0.0,0.1,0.9,0,6.6000000000000005,0.0083545,1.3,1.8666666666666667,False
2100118139,C,Z,Reserve / Bulk Zone,C1,94,10,0.23647618419470107,0.0,0.0,1.0,0,6.0,0.009720000000000001,1.3135,1.2,False
8010001050,C,Z,Reserve / Bulk Zone,C1,95,8,0.23732153718884996,0.0,0.0,1.0,0,6.0,0.00504,1.233333333333333,1.0,False
7115900937,C,Z,Reserve / Bulk Zone,C1,96,8,0.24014836139034487,0.0,0.5,0.5,0,9.0,0.006075000000000001,0.8333333333333334,7.125,False
1830008018,C,Z,Reserve / Bulk Zone,C1,97,8,0.24403590825521118,0.0,0.0,1.0,0,6.0,0.009496666666666667,1.7,1.1666666666666667,False
2100139431,C,Z,Reserve / Bulk Zone,C1,98,12,0.24631809231193386,0.08333333333333333,0.9166666666666666,0.0,0,21.0,0.015028,3.0,41.0,False
7211003301,C,Z,Reserve / Bulk Zone,C1,99,11,0.24839525624564063,0.0,0.0,1.0,0,6.0,0.01301021866666667,2.75,0.9090909090909091,False
2100131960,C,Z,Reserve / Bulk Zone,C1,100,14,0.24942330966162937,0.0,0.6428571428571429,0.35714285714285715,0,9.857142857142858,0.019024,2.5,2.7857142857142856,False
7115900948,C,Z,Reserve / Bulk Zone,C1,101,11,0.2504605047942214,0.0,0.09090909090909091,0.9090909090909091,0,6.545454545454545,0.01365466666666667,1.666666666666667,2.575757575757576,False
7115900932,C,Z,Reserve / Bulk Zone,C1,102,8,0.25453965909699977,0.0,0.0,1.0,0,6.0,0.009120000000000001,1.666666666666667,0.7291666666666667,False
7115900320,C,Z,Reserve / Bulk Zone,C1,103,6,0.2579490339654298,0.0,0.0,1.0,0,6.0,0.0030015,0.5214285714285715,1.3333333333333333,False
2100127800,C,Z,Reserve / Bulk Zone,C1,104,8,0.2595964951834422,0.0,0.25,0.75,0,7.5,0.011316,1.75,3.34375,False
2100124956,C,Z,Reserve / Bulk Zone,C1,105,7,0.2604193025571964,0.0,0.14285714285714285,0.8571428571428571,0,6.857142857142857,0.008085,1.5,2.1785714285714284,False
2100136214,C,Z,Reserve / Bulk Zone,C1,106,20,0.2605918313965031,0.0,0.5,0.5,0,9.0,0.029435,2.5,5.525,False
2100102198,C,Z,Reserve / Bulk Zone,C1,107,5,0.2629362478157883,0.0,0.0,1.0,0,6.0,0.001066,0.1,3.4799999999999995,False
2100118303,C,Z,Reserve / Bulk Zone,C1,108,7,0.2650831493688304,0.0,0.0,1.0,0,6.0,0.009720000000000001,1.1905,1.2619047619047616,False
2100112231,C,Z,Reserve / Bulk Zone,C1,109,11,0.26551735732566695,0.0,0.36363636363636365,0.6363636363636364,0,8.181818181818182,0.01731375,1.0,1.8636363636363635,False
2100104348,C,Z,Reserve / Bulk Zone,C1,110,5,0.26702463766429096,0.0,0.0,1.0,0,6.0,0.00162,0.3333333333333333,0.8666666666666668,False
2100110225,C,Z,Reserve / Bulk Zone,C1,111,7,0.2685183389007652,0.0,0.0,1.0,0,6.0,0.01063125,1.375,1.1428571428571428,False
2100121736,C,Z,Reserve / Bulk Zone,C1,112,5,0.2688881503006873,0.0,0.2,0.8,0,7.200000000000001,0.001014,0.1666666666666667,1.7,False
2100122011,C,Z,Reserve / Bulk Zone,C1,113,5,0.26959792541973915,0.0,0.2,0.8,0,7.200000000000001,0.0009100000000000001,0.1333333333333333,2.1333333333333333,False
7211005447,C,Z,Reserve / Bulk Zone,C1,114,13,0.2716079199263098,0.0,0.07692307692307693,0.9230769230769231,0,6.461538461538462,0.02068,2.75,1.6730769230769231,False
7115900929,C,Z,Reserve / Bulk Zone,C1,115,6,0.27170087810090293,0.0,0.16666666666666666,0.8333333333333334,0,7.0,0.0054375,0.5833333333333334,3.1944444444444446,False
7211005446,C,Z,Reserve / Bulk Zone,C1,116,13,0.2722947758200401,0.0,0.0,1.0,0,6.0,0.021056,2.75,1.3076923076923077,False
2100124435,C,Z,Reserve / Bulk Zone,C1,117,7,0.27268484570763146,0.0,0.7142857142857143,0.2857142857142857,0,10.285714285714285,0.010716,1.2,13.107142857142858,False
8010001306,C,Z,Reserve / Bulk Zone,C1,118,6,0.2728595634886251,0.0,0.0,1.0,0,6.0,0.004452,0.875,0.9375,False
1510002236,C,Z,Reserve / Bulk Zone,C1,119,6,0.27534229515756764,0.0,0.0,1.0,0,6.0,0.008569,1.25,1.0,False
2100131478,C,Z,Reserve / Bulk Zone,C1,120,8,0.2764291430235818,0.0,0.25,0.75,0,7.5,0.014352,2.0,2.5,False
2100127802,C,Z,Reserve / Bulk Zone,C1,121,7,0.27825321160135263,0.0,0.14285714285714285,0.8571428571428571,0,6.857142857142857,0.011316,1.75,1.3928571428571428,False
7211004427,C,Z,Reserve / Bulk Zone,C1,122,15,0.2801535099536256,0.0,0.06666666666666667,0.9333333333333333,0,6.3999999999999995,0.02622,3.0,1.222222222222222,False
3100518419,C,Z,Reserve / Bulk Zone,C1,123,5,0.2807180629216796,0.0,0.2,0.8,0,7.200000000000001,0.002349,0.225,7.45,False
1830008849,C,Z,Reserve / Bulk Zone,C1,124,5,0.28142373078143923,0.0,0.4,0.6,0,8.4,0.00490875,1.25,4.25,False
2100120185,C,Z,Reserve / Bulk Zone,C1,125,7,0.283908050271321,0.0,0.14285714285714285,0.8571428571428571,0,6.857142857142857,0.013144,1.333333333333333,2.0,False
2100136853,C,Z,Reserve / Bulk Zone,C1,126,6,0.2862849128415629,0.0,0.16666666666666666,0.8333333333333334,0,7.0,0.0090045,1.25,3.0,False
1830009220,C,Z,Reserve / Bulk Zone,C1,127,10,0.2878525303758767,0.0,0.1,0.9,0,6.6000000000000005,0.019968,2.5,2.216666666666667,False
2100122010,C,Z,Reserve / Bulk Zone,C1,128,4,0.2879787465736716,0.0,0.0,1.0,0,6.0,0.0010985,0.1666666666666667,0.7083333333333333,False
7115900875,C,Z,Reserve / Bulk Zone,C1,129,5,0.2882004715181566,0.0,0.0,1.0,0,6.0,0.003564,0.6214285714285713,1.3,False
7211004184,C,Y,Reserve / Bulk Zone,C1,130,24,0.2907960199004975,0.08333333333333333,0.375,0.5416666666666666,0,17.75,0.039501,3.0,10.15625,False
2100124470,C,Z,Reserve / Bulk Zone,C1,131,6,0.29223774933877916,0.0,0.3333333333333333,0.6666666666666666,0,8.0,0.011375,1.0,2.9583333333333335,False
8010001304,C,Z,Reserve / Bulk Zone,C1,132,5,0.296491404284645,0.0,0.0,1.0,0,6.0,0.004452,0.875,1.475,False
2100125477,C,Z,Reserve / Bulk Zone,C1,133,4,0.29674858098382534,0.0,0.0,1.0,0,6.0,0.002322,0.3666666666666667,0.5,False
2100110227,C,Z,Reserve / Bulk Zone,C1,134,8,0.29751386038355143,0.0,0.125,0.875,0,6.75,0.0196695,2.0,1.1875,False
2100111897,C,Z,Reserve / Bulk Zone,C1,135,5,0.2998466567316495,0.0,0.2,0.8,0,7.200000000000001,0.00777,1.0,4.633333333333334,False
1830008851,C,Z,Reserve / Bulk Zone,C1,136,4,0.30132422829387706,0.0,0.25,0.75,0,7.5,0.00490875,1.25,2.53125,False
2100127883,C,Z,Reserve / Bulk Zone,C1,137,6,0.30293308606434943,0.0,0.3333333333333333,0.6666666666666666,0,8.0,0.0129735,1.7,3.7083333333333335,False
1830008199,C,Z,Reserve / Bulk Zone,C1,138,5,0.3049497048736619,0.0,0.0,1.0,0,6.0,0.009975,1.666667,0.19999999999999998,False
2027437120,C,Z,Reserve / Bulk Zone,C1,139,3,0.3078031340567762,0.0,0.0,1.0,0,6.0,0.00011475,0.03125,2.0208333333333335,False
2100102197,C,Z,Reserve / Bulk Zone,C1,140,3,0.30965505296592255,0.0,0.0,1.0,0,6.0,0.0002331875,0.03125,2.1875,False
2100131480,C,Z,Reserve / Bulk Zone,C1,141,6,0.3097197464908559,0.0,0.0,1.0,0,6.0,0.014053,2.0,1.25,False
7211003300,C,Y,Reserve / Bulk Zone,C1,142,65,0.3103598050299581,0.0,0.0,1.0,1,6.0,0.0261439056,3.16,1.1692307692307693,False
1830008955,C,Z,Reserve / Bulk Zone,C1,143,4,0.31184251220766074,0.0,0.0,1.0,0,6.0,0.006715,1.1,1.0,False
1830007584,C,Z,Reserve / Bulk Zone,C1,144,4,0.3125555627562317,0.0,0.0,1.0,0,6.0,0.007338333333333333,1.666666666666667,0.7916666666666666,False
2100124952,C,Z,Reserve / Bulk Zone,C1,145,6,0.3128495163899763,0.0,0.16666666666666666,0.8333333333333334,0,7.0,0.015147,2.25,1.5,False
1830008693,C,Z,Reserve / Bulk Zone,C1,146,5,0.3129327440721471,0.0,0.0,1.0,0,6.0,0.0112875,1.833333333333333,0.5666666666666667,False
2100136215,C,Z,Reserve / Bulk Zone,C1,147,8,0.3176526771259761,0.0,0.625,0.375,0,9.75,0.021896,2.5,3.375,False
2100115594,C,Z,Reserve / Bulk Zone,C1,148,4,0.3185262923748815,0.0,0.0,1.0,0,6.0,0.00729,0.7218333333333334,0.9166666666666667,False
7211004307,C,Z,Reserve / Bulk Zone,C1,149,5,0.32002070809086336,0.0,0.0,1.0,0,6.0,0.009276666666666667,1.233333333333333,1.1333333333333333,False
2100120058,C,Z,Reserve / Bulk Zone,C1,150,5,0.3210963134821229,0.0,0.4,0.6,0,8.4,0.011424,1.0,2.75,False
1830009279,C,Z,Reserve / Bulk Zone,C1,151,17,0.3216126338944576,0.0,0.0,1.0,1,6.0,0.008714666666666667,,0.9509803921568628,False
2100112224,C,Z,Reserve / Bulk Zone,C1,152,17,0.3229864933676264,0.0,0.0,1.0,1,6.0,0.00874,,1.0,False
7115900886,C,Z,Reserve / Bulk Zone,C1,153,4,0.3255384656847148,0.0,0.25,0.75,0,7.5,0.006233333333333334,0.7,4.708333333333334,False
2100136855,C,Z,Reserve / Bulk Zone,C1,154,4,0.32682474034816816,0.0,0.25,0.75,0,7.5,0.007695,1.166666666666667,3.75,False
2100121741,C,Z,Reserve / Bulk Zone,C1,155,3,0.3284275169267646,0.0,0.0,1.0,0,6.0,0.001466888888888889,0.2444444444444445,0.3796296296296296,False
2100131963,C,Z,Reserve / Bulk Zone,C1,156,8,0.32939961831945896,0.0,1.0,0.0,0,12.0,0.024426,3.0,6.125,False
1830008850,C,Z,Reserve / Bulk Zone,C1,157,3,0.33117497456253375,0.0,0.0,1.0,0,6.0,0.00490875,1.25,0.7083333333333334,False
2100112281,C,Z,Reserve / Bulk Zone,C1,158,3,0.3349190611269869,0.0,0.3333333333333333,0.6666666666666666,0,8.0,0.004669,0.868,2.4166666666666665,False
2100136216,C,Y,Reserve / Bulk Zone,C1,159,59,0.3367876629330602,0.0,0.4915254237288136,0.5084745762711864,1,8.949152542372882,0.0300796875,3.5,2.483050847457627,False
7115900936,C,Z,Reserve / Bulk Zone,C1,160,4,0.33804206302916284,0.0,0.0,1.0,0,6.0,0.008184,1.166666666666667,1.6666666666666667,False
2100139669,C,Z,Reserve / Bulk Zone,C1,161,5,0.3405178398986975,0.0,1.0,0.0,0,12.0,0.0142375,3.0,7.6,False
3100518439,C,Z,Reserve / Bulk Zone,C1,162,3,0.34071580261187207,0.0,0.6666666666666666,0.3333333333333333,0,10.0,0.00168,0.3,7.333333333333333,False
7115900920,C,Z,Reserve / Bulk Zone,C1,163,4,0.3410703297384397,0.0,0.0,1.0,0,6.0,0.009016,1.0,1.5,False
2100133030,C,Z,Reserve / Bulk Zone,C1,164,7,0.3423248495797112,0.0,1.0,0.0,0,12.0,0.023552,3.0,15.0,False
2100114761,C,Z,Reserve / Bulk Zone,C1,165,3,0.3432368575246595,0.0,0.0,1.0,0,6.0,0.00532,0.75,1.3333333333333333,False
2100110229,C,Z,Reserve / Bulk Zone,C1,166,3,0.34370329609114886,0.0,0.0,1.0,0,6.0,0.006622,1.0,0.8333333333333334,False
3100518438,C,Z,Reserve / Bulk Zone,C1,167,3,0.3441355881252835,0.0,0.0,1.0,0,6.0,0.00258825,0.25,0.7083333333333334,False
2100110226,C,Z,Reserve / Bulk Zone,C1,168,4,0.34601485683099964,0.0,0.0,1.0,0,6.0,0.01288575,1.55,1.0,False
7115900933,C,Z,Reserve / Bulk Zone,C1,169,5,0.3466239693712933,0.0,0.0,1.0,0,6.0,0.0147,2.25,0.95,False
7211004924,C,X,Reserve / Bulk Zone,C1,170,365,0.35000000000000003,0.0,0.4876712328767123,0.5123287671232877,1,8.926027397260274,0.045408,6.2,2.0424657534246577,False
2100131504,C,Z,Reserve / Bulk Zone,C1,171,4,0.35515667481843877,0.0,1.0,0.0,0,12.0,0.013455,3.0,3.5,False
7211004524,C,Y,Reserve / Bulk Zone,C1,172,59,0.3593034308571518,0.0,0.1694915254237288,0.8305084745762712,1,7.016949152542373,0.0342225,3.625,2.2542372881355934,False
2100125863,C,Z,Reserve / Bulk Zone,C1,173,3,0.3608148495888119,0.0,0.0,1.0,0,6.0,0.00729,0.8333333333333334,2.055555555555556,False
7115900323,C,Z,Reserve / Bulk Zone,C1,174,3,0.36121230775332247,0.0,0.3333333333333333,0.6666666666666666,0,8.0,0.004460625,0.729,8.547619047619047,False
2100112290,C,Z,Reserve / Bulk Zone,C1,175,3,0.36209807474196476,0.0,0.6666666666666666,0.3333333333333333,0,10.0,0.009720000000000001,1.402,18.11111111111111,False
7212000233,C,X,Reserve / Bulk Zone,C1,176,111,0.36243781094527366,0.009009009009009009,0.11711711711711711,0.8738738738738738,1,7.72972972972973,0.04115719125,5.0,2.2477477477477477,False
7115900925,C,Z,Reserve / Bulk Zone,C1,177,3,0.36268513022215265,0.0,0.3333333333333333,0.6666666666666666,0,8.0,0.004263,0.5,5.333333333333333,False
2100091939,C,Z,Reserve / Bulk Zone,C1,178,2,0.37254596526077693,0.0,0.0,1.0,0,6.0,0.0020655,0.3333333333333333,0.16666666666666666,False
2100104352,C,Z,Reserve / Bulk Zone,C1,179,2,0.3727460306991168,0.0,0.0,1.0,0,6.0,0.00162,0.3333333333333333,1.6666666666666665,False
7211004327,C,Y,Reserve / Bulk Zone,C1,180,72,0.37363184079601997,0.0,0.6388888888888888,0.3611111111111111,1,9.833333333333332,0.04588,4.9,2.1597222222222223,False
7211005232,C,Y,Reserve / Bulk Zone,C1,181,69,0.3748756218905473,0.0,0.6956521739130435,0.30434782608695654,1,10.173913043478262,0.047872,6.5,3.1159420289855073,False
7115900940,C,Z,Reserve / Bulk Zone,C1,182,3,0.375516490849625,0.0,0.3333333333333333,0.6666666666666666,0,8.0,0.006277500000000001,1.0,7.666666666666667,False
2100120187,C,Z,Reserve / Bulk Zone,C1,183,3,0.3782280890649239,0.0,0.6666666666666666,0.3333333333333333,0,10.0,0.011408,1.1,5.0,False
7115900915,C,Z,Reserve / Bulk Zone,C1,184,3,0.3789197754787663,0.0,0.0,1.0,0,6.0,0.007667,1.166666666666667,0.5555555555555555,False
4200009021,C,Y,Reserve / Bulk Zone,C1,185,52,0.3798636643774744,0.057692307692307696,0.8846153846153846,0.057692307692307696,1,17.884615384615387,0.03750000000000001,4.0,14.211538461538462,False
7211005459,C,Z,Reserve / Bulk Zone,C1,186,8,0.3837098696219391,0.0,1.0,0.0,0,12.0,0.033792,3.0,2.375,False
2100121738,C,Z,Reserve / Bulk Zone,C1,187,2,0.38498532810343916,0.0,0.0,1.0,0,6.0,0.001096875,0.1625,0.6354166666666666,False
2100121739,C,Z,Reserve / Bulk Zone,C1,188,2,0.386860032123318,0.0,0.0,1.0,0,6.0,0.00121975,0.1979166666666667,0.5208333333333333,False
2100124408,C,Z,Reserve / Bulk Zone,C1,189,2,0.38715123800458756,0.0,0.0,1.0,0,6.0,0.000792,0.2,0.55,False
2100114152,C,Z,Reserve / Bulk Zone,C1,190,3,0.3884310576051378,0.0,0.3333333333333333,0.6666666666666666,0,8.0,0.014364,1.75,2.3333333333333335,False
2100119880,C,Z,Reserve / Bulk Zone,C1,191,2,0.3901929018033574,0.0,0.0,1.0,0,6.0,0.00308,0.6666666666666666,1.1666666666666665,False
7211004996,C,Z,Reserve / Bulk Zone,C1,192,21,0.39425724682195123,0.0,0.3333333333333333,0.6666666666666666,1,8.0,0.026496,5.5,1.8333333333333333,False
2100124953,C,Z,Reserve / Bulk Zone,C1,193,4,0.3961585079253819,0.0,0.5,0.5,0,9.0,0.02192475,3.0,14.25,False
7115900931,C,Z,Reserve / Bulk Zone,C1,194,3,0.3962619461971545,0.0,0.0,1.0,0,6.0,0.01056,1.166666666666667,0.6666666666666666,False
1830007574,C,Z,Reserve / Bulk Zone,C1,195,2,0.3992135967541842,0.0,0.0,1.0,0,6.0,0.007985833333333334,1.666666666666667,1.75,False
2100120060,C,Z,Reserve / Bulk Zone,C1,196,3,0.4000646623911894,0.0,0.0,1.0,0,6.0,0.015903,1.75,1.6666666666666667,False
7212000239,C,Z,Reserve / Bulk Zone,C1,197,3,0.40094964241458186,0.0,0.0,1.0,0,6.0,0.00905063125,1.25,1.0,False
3100518436,C,Z,Reserve / Bulk Zone,C1,198,2,0.4010912209595813,0.0,0.0,1.0,0,6.0,0.00181125,0.25,2.25,False
2100139708,C,Z,Reserve / Bulk Zone,C1,199,3,0.4027068946250657,0.0,1.0,0.0,0,12.0,0.0142375,3.0,9.333333333333334,False
2100131479,C,Z,Reserve / Bulk Zone,C1,200,3,0.4027675072346439,0.0,0.0,1.0,0,6.0,0.014976,2.0,1.3333333333333333,False
2100136220,C,Y,Reserve / Bulk Zone,C1,201,39,0.4028678848199001,0.0,1.0,0.0,1,12.0,0.03762,,3.1025641025641026,False
7211004311,C,Z,Reserve / Bulk Zone,C1,202,4,0.4051494829235965,0.25,0.0,0.75,0,34.5,0.020769,2.163333333333334,20.5,False
7211004920,C,Y,Reserve / Bulk Zone,C1,203,39,0.40548775823584526,0.0,1.0,0.0,1,12.0,0.03788800000000001,4.7,3.7948717948717947,False
2100132742,C,Z,Reserve / Bulk Zone,C1,204,3,0.40599446231281855,0.0,0.6666666666666666,0.3333333333333333,0,10.0,0.01512,2.0,2.1666666666666665,False
7212000240,C,Z,Reserve / Bulk Zone,C1,205,3,0.4063399606536534,0.0,0.0,1.0,0,6.0,0.0098581875,1.375,0.5,False
2100110230,C,Z,Reserve / Bulk Zone,C1,206,2,0.4067733208146944,0.0,0.0,1.0,0,6.0,0.0077625,1.0,1.625,False
2100111898,C,Z,Reserve / Bulk Zone,C1,207,2,0.4123801967547239,0.0,0.0,1.0,0,6.0,0.00837,0.9166666666666666,2.5,False
7211419726,C,Z,Reserve / Bulk Zone,C1,208,6,0.4157406897292988,0.0,1.0,0.0,1,12.0,0.0033078,6.0,1.8333333333333333,False
2100137895,C,Z,Reserve / Bulk Zone,C1,209,2,0.41922578856863757,0.0,0.0,1.0,0,6.0,0.0058275,1.0,0.5,False
7211005280,C,Y,Reserve / Bulk Zone,C1,210,34,0.42060092053380094,0.0,0.2647058823529412,0.7352941176470589,1,7.588235294117648,0.0388935,,2.676470588235294,False
2100132743,C,Z,Reserve / Bulk Zone,C1,211,13,0.421949936077634,0.0,0.5384615384615384,0.46153846153846156,1,9.23076923076923,0.0222,3.5,2.3076923076923075,False
2100123087,C,Z,Reserve / Bulk Zone,C1,212,2,0.4240734801380365,0.0,1.0,0.0,0,12.0,0.008225000000000001,1.0,52.5,False
2100113186,C,Z,Reserve / Bulk Zone,C1,213,3,0.427101655840985,0.0,1.0,0.0,0,12.0,0.0221375,3.0,4.0,False
4200009622,C,Y,Reserve / Bulk Zone,C1,214,25,0.4271273459695142,0.2,0.8,0.0,1,33.6,0.03750000000000001,4.0,29.44,False
7115900877,C,Z,Reserve / Bulk Zone,C1,215,2,0.42770073578890166,0.0,0.0,1.0,0,6.0,0.005540178571428572,0.8428571428571429,2.071428571428571,False
1830008904,C,Z,Reserve / Bulk Zone,C1,216,2,0.4285859714511232,0.0,0.0,1.0,0,6.0,0.013464,2.666666666666667,0.6666666666666666,False
2100120186,C,Z,Reserve / Bulk Zone,C1,217,2,0.432331597938448,0.0,0.5,0.5,0,9.0,0.01056,1.0,2.0,False
2027453120,C,Z,Reserve / Bulk Zone,C1,218,1,0.43317113850210004,0.0,0.0,1.0,0,6.0,0.000792,0.1,1.0,False
1830009180,C,Z,Reserve / Bulk Zone,C1,219,4,0.43377372972049705,0.0,0.0,1.0,1,6.0,0.00100625,,3.541666666666667,False
7115900950,C,Z,Reserve / Bulk Zone,C1,220,2,0.43469048915374603,0.0,0.0,1.0,0,6.0,0.006417,1.0,2.0,False
2100125859,C,Z,Reserve / Bulk Zone,C1,221,2,0.43548115931907916,0.0,0.0,1.0,0,6.0,0.009720000000000001,1.0,0.8333333333333333,False
7211004534,C,Y,Reserve / Bulk Zone,C1,222,25,0.4358208955223881,0.0,1.0,0.0,1,12.0,0.039008,4.0,4.44,False
2100127513,C,Z,Reserve / Bulk Zone,C1,223,16,0.4378321569328454,0.0,1.0,0.0,1,12.0,0.03038,6.0,3.0625,False
2100104350,C,Z,Reserve / Bulk Zone,C1,224,1,0.43807318719345534,0.0,0.0,1.0,0,6.0,0.00102,0.2,0.16666666666666666,False
2100110228,C,Z,Reserve / Bulk Zone,C1,225,2,0.4382416846120768,0.0,0.5,0.5,0,9.0,0.01413333333333333,1.8,9.5,False
2100139604,C,Z,Reserve / Bulk Zone,C1,226,6,0.4410048674495223,0.0,1.0,0.0,1,12.0,0.009681500000000001,5.0,22.166666666666668,False
7115900942,C,Z,Reserve / Bulk Zone,C1,227,2,0.4411641213394082,0.0,0.0,1.0,0,6.0,0.00792,1.333333333333333,2.0,False
1510001871,C,Z,Reserve / Bulk Zone,C1,228,2,0.44148702376687743,0.0,0.0,1.0,0,6.0,0.016461,1.9,1.0,False
2100120184,C,Z,Reserve / Bulk Zone,C1,229,2,0.44358432687097393,0.0,0.0,1.0,0,6.0,0.01299375,1.6,1.0,False
2100110589,C,Z,Reserve / Bulk Zone,C1,230,2,0.4443320755779776,0.0,0.0,1.0,0,6.0,0.014835,3.0,0.75,False
2100127801,C,Z,Reserve / Bulk Zone,C1,231,2,0.44491987826801926,0.0,0.0,1.0,0,6.0,0.011316,1.75,2.375,False
2100107627,C,Z,Reserve / Bulk Zone,C1,232,1,0.44529372747503565,0.0,0.0,1.0,0,6.0,0.002184,0.2,1.0,False
2100114151,C,Z,Reserve / Bulk Zone,C1,233,2,0.44765126796482885,0.0,0.0,1.0,0,6.0,0.0145125,1.575,1.0,False
2100089647,C,Z,Reserve / Bulk Zone,C1,234,1,0.4478586833616339,0.0,0.0,1.0,0,6.0,0.003168,0.6,1.0,False
2100122009,C,Z,Reserve / Bulk Zone,C1,235,1,0.4484836581452971,0.0,0.0,1.0,0,6.0,0.0006251666666666668,0.1666666666666667,5.0,False
2100122015,C,Z,Reserve / Bulk Zone,C1,236,1,0.45228022742066337,0.0,0.0,1.0,0,6.0,0.001122333333333333,0.1666666666666667,1.0,False
2100119195,C,Z,Reserve / Bulk Zone,C1,237,1,0.4542671981244649,0.0,0.0,1.0,0,6.0,0.002236,0.6666666666666666,2.0,False
2100121759,C,Z,Reserve / Bulk Zone,C1,238,1,0.4544346234246745,0.0,0.0,1.0,0,6.0,0.002026375,0.375,2.0,False
7116900165,C,Z,Reserve / Bulk Zone,C1,239,21,0.45572139303482595,0.0,1.0,0.0,1,12.0,0.04131,6.0,2.0,False
1830009282,C,Z,Reserve / Bulk Zone,C1,240,1,0.4590155107833159,0.0,0.0,1.0,0,6.0,0.006552000000000001,0.6,0.125,False
7115900953,C,Z,Reserve / Bulk Zone,C1,241,2,0.4594574902016121,0.0,0.0,1.0,0,6.0,0.01099825,1.75,2.25,False
1830008984,C,Z,Reserve / Bulk Zone,C1,242,1,0.4601747565784284,0.0,0.0,1.0,0,6.0,0.007020000000000001,1.5,1.0,False
4200009024,C,Z,Reserve / Bulk Zone,C1,243,20,0.4606965174129354,0.0,1.0,0.0,1,12.0,0.041405,3.8,13.35,False
1830009340,C,Z,Reserve / Bulk Zone,C1,244,1,0.4619691379339331,0.0,0.0,1.0,0,6.0,0.006885,0.01568627450980392,0.8333333333333334,False
7211004196,C,Z,Reserve / Bulk Zone,C1,245,20,0.4644278606965174,0.0,1.0,0.0,1,12.0,0.04592,6.9,3.55,False
7211005180,C,Z,Reserve / Bulk Zone,C1,246,18,0.4649771653147676,0.0,0.2222222222222222,0.7777777777777778,1,7.333333333333334,0.03712,4.65,1.4166666666666667,False
2100088986,C,Z,Reserve / Bulk Zone,C1,247,1,0.46546749543734983,0.0,0.0,1.0,0,6.0,0.006839625,1.41,1.0,False
1510001954,C,Z,Reserve / Bulk Zone,C1,248,1,0.4655258328887195,0.0,0.0,1.0,0,6.0,0.01,1.55,1.0,False
8010001360,C,Z,Reserve / Bulk Zone,C1,249,20,0.4656716417910448,0.0,1.0,0.0,1,12.0,0.04896,6.0,5.45,False
2100113152,C,Z,Reserve / Bulk Zone,C1,250,2,0.4671375381993076,0.0,0.0,1.0,0,6.0,0.018792,3.0,1.0,False
2100112228,C,Z,Reserve / Bulk Zone,C1,251,1,0.4677632035134446,0.0,0.0,1.0,0,6.0,0.005833333333333334,1.0,0.6666666666666666,False
7211004888,C,Z,Reserve / Bulk Zone,C1,252,18,0.473134328358209,0.05555555555555555,0.5,0.4444444444444444,1,15.333333333333332,0.0446555,5.0,6.361111111111111,False
2100118202,C,Z,Reserve / Bulk Zone,C1,253,1,0.4731513345670918,0.0,0.0,1.0,0,6.0,0.006156000000000001,0.8833333333333333,1.0,False
3110600773,C,Z,Reserve / Bulk Zone,C1,254,1,0.4763391409580575,0.0,0.0,1.0,0,6.0,0.002416666666666667,0.5625,4.5,False
2100124946,C,Z,Reserve / Bulk Zone,C1,255,1,0.47959616564473745,0.0,0.0,1.0,0,6.0,0.006200000000000001,0.8,1.0,False
2100110231,C,Z,Reserve / Bulk Zone,C1,256,1,0.4806728136172673,0.0,1.0,0.0,0,12.0,0.008832000000000001,1.0,6.0,False
7211004067,C,Z,Reserve / Bulk Zone,C1,257,15,0.4822487103325568,0.0,1.0,0.0,1,12.0,0.036608,4.0,2.7333333333333334,False
7211003241,C,Z,Reserve / Bulk Zone,C1,258,16,0.4823442621875076,0.0,1.0,0.0,1,12.0,0.03808,6.0,2.3125,False
2100131823,C,Z,Reserve / Bulk Zone,C1,259,2,0.48335922942355297,0.0,1.0,0.0,0,12.0,0.01856,2.5,2.5,False
3110600774,C,Z,Reserve / Bulk Zone,C1,260,1,0.48374495735132117,0.0,0.0,1.0,0,6.0,0.00361675,0.75,1.0,False
3110600775,C,Z,Reserve / Bulk Zone,C1,261,1,0.4869309284479987,0.0,0.0,1.0,0,6.0,0.003995,0.925,1.0,False
2100131820,C,Z,Reserve / Bulk Zone,C1,262,1,0.48725782078449464,0.0,0.0,1.0,0,6.0,0.00623875,1.0,0.5,False
7115900031,C,Z,Reserve / Bulk Zone,C1,263,1,0.48815313026564416,0.0,0.0,1.0,0,6.0,0.001084015625,0.183,1.0,False
2100111899,C,Z,Reserve / Bulk Zone,C1,264,1,0.4898034521957408,0.0,1.0,0.0,0,12.0,0.010368,1.075,4.5,False
1830008419,C,Z,Reserve / Bulk Zone,C1,265,1,0.49374405734663196,0.0,0.0,1.0,0,6.0,0.0138,2.166666666666667,1.0,False
2100113153,C,Z,Reserve / Bulk Zone,C1,266,1,0.4942627287557821,0.0,0.0,1.0,0,6.0,0.010752,1.8,1.0,False
7211005398,C,Z,Reserve / Bulk Zone,C1,267,14,0.5029850746268657,0.0,0.0,1.0,1,6.0,0.04973175000000001,5.0,0.9642857142857143,False
2100130060,C,Z,Reserve / Bulk Zone,C1,268,1,0.5069268689909778,0.0,0.0,1.0,0,6.0,0.010311615,1.3,1.5,False
7115900876,C,Z,Reserve / Bulk Zone,C1,269,1,0.5069692386225138,0.0,0.0,1.0,0,6.0,0.004264071428571429,0.6857142857142857,2.0,False
4200009623,C,Z,Reserve / Bulk Zone,C1,270,13,0.5092039800995025,0.07692307692307693,0.9230769230769231,0.0,1,20.307692307692307,0.046552,7.0,8.923076923076923,False
2100127489,C,Z,Reserve / Bulk Zone,C1,271,1,0.5149185835832535,0.0,0.0,1.0,0,6.0,0.0123525,1.1,0.25,False
2100139519,C,Z,Reserve / Bulk Zone,C1,272,4,0.5157210773865608,0.0,1.0,0.0,1,12.0,0.015028,4.0,14.0,False
7212000261,C,Z,Reserve / Bulk Zone,C1,273,12,0.5157452203500305,0.16666666666666666,0.16666666666666666,0.6666666666666666,1,26.0,0.03756026025,4.5,11.5625,False
2100102204,C,Z,Reserve / Bulk Zone,C1,274,2,0.5172815485291965,0.0,0.0,1.0,1,6.0,0.0007980000000000001,,1.0,False
2100125800,C,Z,Reserve / Bulk Zone,C1,275,12,0.5179104477611941,0.0,1.0,0.0,1,12.0,0.0444,6.0,9.25,False
8010000564,C,Z,Reserve / Bulk Zone,C1,276,2,0.5191602448530054,0.0,0.5,0.5,0,9.0,0.02093,2.5,2.75,False
7115900934,C,Z,Reserve / Bulk Zone,C1,277,1,0.521242888753529,0.0,0.0,1.0,0,6.0,0.006075000000000001,0.8333333333333334,2.5,False
7115900927,C,Z,Reserve / Bulk Zone,C1,278,1,0.5232995120288573,0.0,0.0,1.0,0,6.0,0.006960000000000001,0.8333333333333334,1.0,False
7114000640,C,Z,Reserve / Bulk Zone,C1,279,7,0.5251709781393699,0.0,0.5714285714285714,0.42857142857142855,1,9.428571428571427,0.02898,4.0,4.571428571428571,False
7115900930,C,Z,Reserve / Bulk Zone,C1,280,1,0.5257756146052512,0.0,0.0,1.0,0,6.0,0.007200000000000001,0.75,4.166666666666667,False
2100126395,C,Z,Reserve / Bulk Zone,C1,281,3,0.5264921960397015,0.0,0.0,1.0,1,6.0,0.010101,,2.0833333333333335,False
8000035866,C,Z,Reserve / Bulk Zone,C1,282,1,0.5271380296334807,0.0,0.0,1.0,0,6.0,0.00528525,1.025,1.0,False
2100118827,C,Z,Reserve / Bulk Zone,C1,283,8,0.5292359362532283,0.125,0.875,0.0,1,25.5,0.035343,5.0,17.25,False
4200008116,C,Z,Reserve / Bulk Zone,C1,284,7,0.5308051847167421,0.14285714285714285,0.8571428571428571,0.0,1,27.428571428571427,0.03056175,3.8,61.42857142857143,False
7211005279,C,Z,Reserve / Bulk Zone,C1,285,11,0.5328358208955224,0.0,0.7272727272727273,0.2727272727272727,1,10.363636363636363,0.046368,5.5,2.9545454545454546,False
7115900951,C,Z,Reserve / Bulk Zone,C1,286,1,0.5365813467969054,0.0,0.0,1.0,0,6.0,0.00882,1.0,1.0,False
2100136645,C,Z,Reserve / Bulk Zone,C1,287,1,0.5388096559055515,0.0,0.0,1.0,0,6.0,0.015552,2.25,1.0,False
7211003293,C,Z,Reserve / Bulk Zone,C1,288,9,0.5407083592521752,0.0,1.0,0.0,1,12.0,0.038304,5.45,2.4444444444444446,False
7115900922,C,Z,Reserve / Bulk Zone,C1,289,1,0.5408434988599541,0.0,0.0,1.0,0,6.0,0.010619,2.0,1.0,False
2100114153,C,Z,Reserve / Bulk Zone,C1,290,1,0.5497594630894858,0.0,0.0,1.0,0,6.0,0.021318,2.3,1.0,False
7115900704,C,Z,Reserve / Bulk Zone,C1,291,1,0.5508670484238446,0.0,0.0,1.0,0,6.0,0.01305559375,1.5,1.0,False
2100125870,C,Z,Reserve / Bulk Zone,C1,292,1,0.5511336179340711,0.0,0.0,1.0,0,6.0,0.01989,2.25,1.0,False
2100126397,C,Z,Reserve / Bulk Zone,C1,293,1,0.5539486089179784,0.0,0.0,1.0,0,6.0,0.020196,1.3,1.0,False
1830009469,C,Z,Reserve / Bulk Zone,C1,294,1,0.563231211300457,0.0,1.0,0.0,0,12.0,0.026364,3.0,1.0,False
1510001937,C,Z,Reserve / Bulk Zone,C1,295,1,0.5654351067640742,0.0,1.0,0.0,0,12.0,0.0297,3.0,4.0,False
2100116143,C,Z,Reserve / Bulk Zone,C1,296,3,0.5661504021354108,0.0,0.0,1.0,1,6.0,0.019278,3.095,1.0,False
2100113187,C,Z,Reserve / Bulk Zone,C1,297,5,0.5682636720603244,0.0,0.6,0.4,1,9.6,0.03059,4.0,2.2,False
4200009232,C,Z,Reserve / Bulk Zone,C1,298,7,0.5751243781094528,0.0,1.0,0.0,1,12.0,0.046552,3.8,8.714285714285714,False
7211004800,C,Z,Reserve / Bulk Zone,C1,299,6,0.5767512168144825,0.0,0.5,0.5,1,9.0,0.035392,4.5,1.5,False
7211004185,C,Z,Reserve / Bulk Zone,C1,300,7,0.5788557213930349,0.0,0.5714285714285714,0.42857142857142855,1,9.428571428571427,0.039501,3.1,5.642857142857143,False
7211004935,C,Z,Reserve / Bulk Zone,C1,301,6,0.5802953313418274,0.0,0.16666666666666666,0.8333333333333334,1,7.0,0.03584,4.4,1.0833333333333333,False
2100118828,C,Z,Reserve / Bulk Zone,C1,302,6,0.5825870646766169,0.16666666666666666,0.8333333333333334,0.0,1,30.0,0.04680500000000001,6.0,23.333333333333332,False
4200007335,C,Z,Reserve / Bulk Zone,C1,303,1,0.5844523806752564,0.0,1.0,0.0,0,12.0,0.021049875,2.0,1.0,False
7211004052,C,Z,Reserve / Bulk Zone,C1,304,1,0.5884658387868875,0.0,0.0,1.0,0,6.0,0.0186825,1.768833333333333,3.0,False
2100132678,C,Z,Reserve / Bulk Zone,C1,305,5,0.601017376508843,0.0,0.4,0.6,1,8.4,0.036,4.5,1.4,False
2100131824,C,Z,Reserve / Bulk Zone,C1,306,1,0.6086170999262418,0.0,1.0,0.0,1,12.0,0.0004186125,,1.0,False
7211003246,C,Z,Reserve / Bulk Zone,C1,307,4,0.6182115024047943,0.25,0.75,0.0,1,39.0,0.033292836,6.1,13.0,False
4200000030,C,Z,Reserve / Bulk Zone,C1,308,1,0.6289749540525813,0.0,1.0,0.0,0,12.0,0.030932,3.0,15.0,False
7211003360,C,Z,Reserve / Bulk Zone,C1,309,3,0.6406214553933199,0.0,1.0,0.0,1,12.0,0.027968,5.0,4.0,False
7211004889,C,Z,Reserve / Bulk Zone,C1,310,4,0.650995024875622,0.0,0.75,0.25,1,10.5,0.043617,5.0,7.125,False
7212000245,C,Z,Reserve / Bulk Zone,C1,311,4,0.6522388059701493,0.0,0.25,0.75,1,7.5,0.04499676900000001,4.775,6.75,False
2100125396,C,Z,Reserve / Bulk Zone,C1,312,3,0.6608385303934073,0.0,0.0,1.0,1,6.0,0.03675,5.75,1.1666666666666667,False
7211419479,C,Z,Reserve / Bulk Zone,C1,313,3,0.666299580666788,0.0,0.0,1.0,1,6.0,0.032,5.5,1.1666666666666667,False
7211004214,C,Z,Reserve / Bulk Zone,C1,314,3,0.6717272100635373,0.0,0.3333333333333333,0.6666666666666666,1,8.0,0.03378375,3.3,3.5,False
7211003692,C,Z,Reserve / Bulk Zone,C1,315,2,0.6773492313725253,0.0,0.0,1.0,1,6.0,0.023736,3.12,1.3333333333333335,False
7114900002,C,Z,Reserve / Bulk Zone,C1,316,2,0.6856833658010384,0.0,0.0,1.0,1,6.0,0.0268125,3.4,1.5,False
7114000560,C,Z,Reserve / Bulk Zone,C1,317,3,0.6870646766169155,0.0,0.6666666666666666,0.3333333333333333,1,10.0,0.039104,4.0,2.3333333333333335,False
2100124433,C,Z,Reserve / Bulk Zone,C1,318,2,0.6915417712580844,0.0,1.0,0.0,1,12.0,0.030618,4.0,24.5,False
2100127807,C,Z,Reserve / Bulk Zone,C1,319,1,0.6934659875103872,0.0,1.0,0.0,1,12.0,0.01767,3.4,25.0,False
7211003215,C,Z,Reserve / Bulk Zone,C1,320,3,0.6945273631840797,0.0,0.3333333333333333,0.6666666666666666,1,8.0,0.04499676900000001,4.585,6.333333333333333,False
4200009238,C,Z,Reserve / Bulk Zone,C1,321,1,0.6980099502487562,0.0,0.0,1.0,1,6.0,,,300.0,False
2100113162,C,Z,Reserve / Bulk Zone,C1,322,2,0.7076424719637043,0.0,1.0,0.0,1,12.0,0.036176,6.0,1.0,False
2100134583,C,Z,Reserve / Bulk Zone,C1,323,1,0.7093779650400627,0.0,0.0,1.0,1,6.0,0.0198,4.5,1.0,False
7211003278,C,Z,Reserve / Bulk Zone,C1,324,2,0.7215682543870199,0.0,0.0,1.0,1,6.0,0.03259008,4.12,1.0,False
7114000638,C,Z,Reserve / Bulk Zone,C1,325,2,0.7345411549536494,0.0,0.0,1.0,1,6.0,0.03657000000000001,4.5,1.0,False
4100000801,C,Z,Reserve / Bulk Zone,C1,326,2,0.7430348258706468,0.5,0.5,0.0,1,66.0,0.0491855,4.7,275.5,False
1830004028,C,Z,Reserve / Bulk Zone,C1,327,1,0.7506135670605756,0.0,1.0,0.0,1,12.0,0.03534,7.21,1.0,False
7211005278,C,Z,Reserve / Bulk Zone,C1,328,2,0.7567164179104479,0.0,1.0,0.0,1,12.0,0.046368,6.0,2.25,False
7212000246,C,Z,Reserve / Bulk Zone,C1,329,2,0.7604477611940299,0.0,0.5,0.5,1,9.0,0.04872818750000001,6.75,1.5,False
1830007763,C,Z,Reserve / Bulk Zone,C1,330,1,0.7703980099502488,0.0,1.0,0.0,1,12.0,0.04437,5.0,4.0,False
1830008265,C,Z,Reserve / Bulk Zone,C1,331,1,0.7716417910447761,0.0,1.0,0.0,1,12.0,0.04968,5.0,10.0,False
2211401312,C,Z,Reserve / Bulk Zone,C1,332,1,0.773735580825618,0.0,0.0,1.0,1,6.0,0.031365,5.5,1.0,False
4200000309,C,Z,Reserve / Bulk Zone,C1,333,1,0.7886330868642472,0.0,1.0,0.0,1,12.0,0.0323285,3.2,21.0,False
4200005352,C,Z,Reserve / Bulk Zone,C1,334,1,0.8018611943699271,0.0,0.0,1.0,1,6.0,0.0346625,4.125,1.0,False
2211401176,C,Z,Reserve / Bulk Zone,C1,335,1,0.8027606961294386,0.0,1.0,0.0,1,12.0,0.03726,6.0,1.0,False
2211400867,C,Z,Reserve / Bulk Zone,C1,336,1,0.8101990049751244,0.0,0.0,1.0,1,6.0,0.041535,5.0,1.0,False
4200006855,C,Z,Reserve / Bulk Zone,C1,337,1,0.81052714505628,1.0,0.0,0.0,1,120.0,0.036108,4.125,73.0,False
4200000223,C,Z,Reserve / Bulk Zone,C1,338,1,0.8213930348258707,0.0,1.0,0.0,1,12.0,0.046322,4.6,1.0,False
7211004194,C,Z,Reserve / Bulk Zone,C1,339,1,0.8450248756218907,0.0,1.0,0.0,1,12.0,0.04973175000000001,5.0,2.0,False
7211419286,C,X,Reserve / Bulk Zone,C2,340,214,0.35124378109452736,0.004672897196261682,0.9953271028037384,0.0,1,12.504672897196262,0.06364,7.8,3.088785046728972,False
1830009015,C,X,Reserve / Bulk Zone,C2,341,198,0.35373134328358213,0.0,1.0,0.0,1,12.0,0.074088,8.0,1.5454545454545454,False
7211004515,C,X,Reserve / Bulk Zone,C2,342,150,0.35870646766169156,0.013333333333333334,0.9866666666666667,0.0,1,13.44,0.053428,8.0,5.12,False
7211004284,C,X,Reserve / Bulk Zone,C2,343,96,0.36616915422885576,0.07291666666666667,0.9270833333333334,0.0,1,19.875,0.057798,6.7,5.6875,False
7211419108,C,Y,Reserve / Bulk Zone,C2,344,83,0.36741293532338315,0.012048192771084338,0.9879518072289156,0.0,1,13.301204819277109,0.054872,5.5,3.325301204819277,False
4200009381,C,Y,Reserve / Bulk Zone,C2,345,80,0.3699004975124378,0.0375,0.9625,0.0,1,16.05,0.095,5.0,5.475,False
4200009377,C,Y,Reserve / Bulk Zone,C2,346,72,0.3723880597014926,0.013888888888888888,0.9861111111111112,0.0,1,13.5,0.0540225,3.9,5.958333333333333,False
4200009654,C,Y,Reserve / Bulk Zone,C2,347,50,0.3922885572139304,0.02,0.98,0.0,1,14.16,0.0675,7.0,5.84,False
1830007629,C,Y,Reserve / Bulk Zone,C2,348,49,0.39477611940298507,0.0,1.0,0.0,1,12.0,0.06688000000000001,6.0,2.2244897959183674,False
4200009009,C,Y,Reserve / Bulk Zone,C2,349,41,0.40597014925373137,0.43902439024390244,0.5609756097560976,0.0,1,59.41463414634146,0.10659,5.0,17.5609756097561,False
4200009627,C,Y,Reserve / Bulk Zone,C2,350,37,0.4121890547263682,0.10810810810810811,0.8918918918918919,0.0,1,23.675675675675677,0.090896,3.3,11.216216216216216,False
4200009378,C,Y,Reserve / Bulk Zone,C2,351,35,0.4159203980099503,0.0,0.8857142857142857,0.11428571428571428,1,11.314285714285713,0.05192916666666667,5.600000000000001,12.285714285714286,False
7211005120,C,Y,Reserve / Bulk Zone,C2,352,34,0.41965174129353233,0.08823529411764706,0.9117647058823529,0.0,1,21.529411764705884,0.066924,8.0,8.264705882352942,False
4200009379,C,Y,Reserve / Bulk Zone,C2,353,32,0.4233830845771145,0.375,0.625,0.0,1,52.5,0.1026,5.0,22.5625,False
4200009619,C,Y,Reserve / Bulk Zone,C2,354,28,0.43208955223880596,0.17857142857142858,0.8214285714285714,0.0,1,31.28571428571429,0.05041666666666667,5.399999999999999,20.0,False
4200009018,C,Y,Reserve / Bulk Zone,C2,355,24,0.43955223880597016,0.08333333333333333,0.5833333333333334,0.3333333333333333,1,19.0,0.05192916666666667,5.333333333333333,16.208333333333332,False
1510002613,C,Z,Reserve / Bulk Zone,C2,356,18,0.47064676616915424,0.0,1.0,0.0,1,12.0,0.062974,8.0,2.611111111111111,False
7212000170,C,Z,Reserve / Bulk Zone,C2,357,15,0.4967661691542289,0.0,0.13333333333333333,0.8666666666666667,1,6.800000000000001,0.05635236,6.8,1.5333333333333334,False
1830007932,C,X,Reserve / Bulk Zone,C2,358,152,0.5074626865671642,0.02631578947368421,0.9736842105263158,0.0,2,14.842105263157894,0.132225,13.0,4.907894736842105,False
1510002077,C,Z,Reserve / Bulk Zone,C2,359,11,0.5241293532338309,0.0,1.0,0.0,1,12.0,0.05544,7.0,2.1818181818181817,False
4200000088,C,Y,Reserve / Bulk Zone,C2,360,62,0.5298507462686567,0.1774193548387097,0.8225806451612904,0.0,2,31.161290322580648,0.12138,17.8,9.370967741935484,False
4200008369,C,Z,Reserve / Bulk Zone,C2,361,3,0.5358208955223881,0.0,0.6666666666666666,0.3333333333333333,0,10.0,0.05267025,3.0,11.666666666666666,False
2100132581,C,Z,Reserve / Bulk Zone,C2,362,6,0.5888059701492537,0.0,1.0,0.0,1,12.0,0.050986,6.0,2.6666666666666665,False
1830009516,C,Z,Reserve / Bulk Zone,C2,363,23,0.5932835820895522,0.043478260869565216,0.9565217391304348,0.0,2,16.695652173913047,0.162,19.0,3.130434782608696,False
4200008267,C,Z,Reserve / Bulk Zone,C2,364,2,0.5942786069651742,0.0,1.0,0.0,0,12.0,0.051,3.0,12.5,False
7114000489,C,Z,Reserve / Bulk Zone,C2,365,2,0.5955223880597015,0.0,0.0,1.0,0,6.0,0.059892,2.8,1.0,False
1510002673,C,Z,Reserve / Bulk Zone,C2,366,5,0.6012437810945275,0.2,0.8,0.0,1,33.6,0.064676,8.0,10.2,False
1510001964,C,Z,Reserve / Bulk Zone,C2,367,21,0.6019900497512438,0.0,1.0,0.0,2,12.0,0.069966,9.8,2.9047619047619047,False
1830007520,C,Z,Reserve / Bulk Zone,C2,368,18,0.6218905472636816,0.2777777777777778,0.7222222222222222,0.0,2,42.0,0.10856,13.0,12.722222222222221,False
4200008264,C,Z,Reserve / Bulk Zone,C2,369,4,0.6398009950248756,0.0,1.0,0.0,1,12.0,0.07327800000000001,5.9,3.75,False
4200009017,C,Z,Reserve / Bulk Zone,C2,370,4,0.641044776119403,0.25,0.75,0.0,1,39.0,0.05192916666666667,5.600000000000001,22.5,False
2100136221,C,Z,Reserve / Bulk Zone,C2,371,15,0.6417910447761195,0.06666666666666667,0.9333333333333333,0.0,2,19.2,0.053592,10.0,14.0,False
4200009020,C,Z,Reserve / Bulk Zone,C2,372,4,0.6422885572139304,0.25,0.75,0.0,1,39.0,0.1026,4.5,14.5,False
1510002069,C,Z,Reserve / Bulk Zone,C2,373,3,0.6534825870646767,0.0,1.0,0.0,1,12.0,0.05544,5.9,1.3333333333333333,False
1830006980,C,Z,Reserve / Bulk Zone,C2,374,3,0.654726368159204,0.0,1.0,0.0,1,12.0,0.079464,7.1,7.666666666666667,False
2100131958,C,Z,Reserve / Bulk Zone,C2,375,3,0.6771144278606965,0.0,1.0,0.0,1,12.0,0.05664,5.0,1.3333333333333333,False
4200008100,C,Z,Reserve / Bulk Zone,C2,376,3,0.6833333333333333,0.0,1.0,0.0,1,12.0,0.0675,3.9,1.6666666666666667,False
4200008236,C,Z,Reserve / Bulk Zone,C2,377,3,0.6845771144278607,0.0,0.6666666666666666,0.3333333333333333,1,10.0,0.05041666666666667,3.9,11.0,False
7211419765,C,Z,Reserve / Bulk Zone,C2,378,3,0.7032338308457712,1.0,0.0,0.0,1,120.0,0.0684,7.0,59.0,False
1830009016,C,Z,Reserve / Bulk Zone,C2,379,2,0.7106965174129354,0.0,1.0,0.0,1,12.0,0.074088,8.0,3.0,False
2100119885,C,Z,Reserve / Bulk Zone,C2,380,2,0.7256218905472638,0.0,1.0,0.0,1,12.0,0.077616,5.0,7.0,False
7211004028,C,Z,Reserve / Bulk Zone,C2,381,7,0.7276119402985075,0.0,1.0,0.0,2,12.0,0.06156,8.2,1.2857142857142858,False
1510002021,C,Z,Reserve / Bulk Zone,C2,382,6,0.7300995024875623,0.0,1.0,0.0,2,12.0,0.08690300000000001,9.8,1.1666666666666667,False
7211005205,C,Z,Reserve / Bulk Zone,C2,383,6,0.7475124378109453,0.0,1.0,0.0,2,12.0,0.05760000000000001,9.0,2.5,False
1510002688,C,Z,Reserve / Bulk Zone,C2,384,5,0.7524875621890548,0.0,1.0,0.0,2,12.0,0.08690300000000001,9.8,2.8,False
7211419374,C,Z,Reserve / Bulk Zone,C2,385,2,0.7592039800995025,0.0,1.0,0.0,1,12.0,0.0704,7.6,2.0,False
1510002075,C,Z,Reserve / Bulk Zone,C2,386,1,0.7654228855721393,0.0,1.0,0.0,1,12.0,0.05576,6.8,1.0,False
1510002076,C,Z,Reserve / Bulk Zone,C2,387,1,0.7666666666666667,0.0,1.0,0.0,1,12.0,0.05576,6.8,1.0,False
7211004825,C,Z,Reserve / Bulk Zone,C2,388,4,0.7997512437810946,0.0,1.0,0.0,2,12.0,0.102131,9.0,1.0,False
4200000013,C,Z,Reserve / Bulk Zone,C2,389,1,0.8176616915422886,0.0,1.0,0.0,1,12.0,0.051888,3.9,1.0,False
4200000016,C,Z,Reserve / Bulk Zone,C2,390,1,0.818905472636816,0.0,1.0,0.0,1,12.0,0.051888,3.9,1.0,False
4200007356,C,Z,Reserve / Bulk Zone,C2,391,1,0.8276119402985075,0.0,1.0,0.0,1,12.0,0.09400575,5.6,9.0,False
4200007832,C,Z,Reserve / Bulk Zone,C2,392,1,0.8288557213930349,0.0,1.0,0.0,1,12.0,0.055130625,6.0,5.0,False
4200008241,C,Z,Reserve / Bulk Zone,C2,393,1,0.8300995024875623,0.0,1.0,0.0,1,12.0,0.05651100000000001,6.0,1.0,False
7211004120,C,Z,Reserve / Bulk Zone,C2,394,1,0.8437810945273633,0.0,1.0,0.0,1,12.0,0.07056,8.0,2.0,False
7211003259,C,Z,Reserve / Bulk Zone,C2,395,3,0.845771144278607,0.0,1.0,0.0,2,12.0,0.083968,11.5,2.6666666666666665,False
7211004195,C,Z,Reserve / Bulk Zone,C2,396,1,0.8462686567164179,0.0,1.0,0.0,1,12.0,0.0549,6.6,2.0,False
7211005118,C,Z,Reserve / Bulk Zone,C2,397,1,0.8487562189054727,0.0,1.0,0.0,1,12.0,0.060236,7.0,1.0,False
7211004496,C,Z,Reserve / Bulk Zone,C2,398,3,0.8495024875621892,0.0,1.0,0.0,2,12.0,0.07829775,9.7,1.0,False
7211004776,C,Z,Reserve / Bulk Zone,C2,399,3,0.8507462686567165,0.0,1.0,0.0,2,12.0,0.102131,9.0,1.3333333333333333,False
2211401354,C,Z,Reserve / Bulk Zone,C2,400,2,0.8905472636815921,0.0,1.0,0.0,2,12.0,0.07980000000000001,9.0,1.0,False
7211005393,C,Z,Reserve / Bulk Zone,C2,401,2,0.9079601990049752,0.0,1.0,0.0,2,12.0,0.071775,9.0,3.5,False
1510002423,C,Z,Reserve / Bulk Zone,C2,402,1,0.917910447761194,0.0,1.0,0.0,2,12.0,0.083398,11.0,2.0,False
7211004987,C,Z,Reserve / Bulk Zone,C2,403,1,0.9975124378109453,0.0,1.0,0.0,2,12.0,0.07511000000000001,12.0,1.0,False
